KC BELLA SQ NECI,IMPLORA EYE PENCIL DRK BROWN 007,EMINA SUN BATTLE SPF 30 60ML,WARDAH UV SHIELD ESS SUNSCREEN SPF30,AC JEDAY MATTE BSR SK,IMPLORA EYEBROW SOFT BLACK,VIVA AIR MAWAR,AC JEDAY KCL SK,KC HIJAB SPORT MLG,IMPLORA NAIL POL RED2,IMPLORA EYEBROW SOFT BROWN,KAPAS SELECTION SPC TIPIS 60GR,AC KUNCIR CACING MOTIF KCL SK,IMPLORA EYE PENCIL GREY BROWN,BRSV KUTEK 2IN1 8ML,AC KARET SPIRAL WARNA SK,AC JEDAY MATTE KCL SK,MSG FACIAL WASH KE,KAPAS SELECTION 50GR,KAPAS SELECTION 75GR,AC JEPIT KOTAK MATTE SK,IMPLORA EYE PENCIL BLACK 001,AC KUNCIR ANAK KARTUN,IMPLORA EYE PENCIL BROWN,MSG WHITE DAY CREAM KE,KC BELLA SQ LASER CUT M,HS LP BOBA 02 BROWN,AC JARUM PENTUL BSR SK,SALSA EYEBROW PENCIL 4IN1,BLACK&BROWN,BRSV KUTEK NUDES,KAPAS SELECTION SPC TIPIS 175S,MSG WHITE DAY CREAM KP,MSG FACIAL WASH KP,SALSA EYEBROW PENCIL 4IN1 BLACK&BROWN,KB GEAMOORE BASIC CLUB WARM WOODY 50ML
KC BELLA SQ NECI,KC BELLA SQ NECI,IMPLORA EYE PENCIL DRK BROWN 007,EMINA SUN BATTLE SPF 30 60ML,WARDAH UV SHIELD ESS SUNSCREEN SPF30,AC JEDAY MATTE BSR SK,IMPLORA EYEBROW SOFT BLACK,IMPLORA EYEBROW SOFT BLACK,IMPLORA EYEBROW SOFT BLACK,VIVA AIR MAWAR,AC JEDAY KCL SK,AC JEDAY KCL SK,KC HIJAB SPORT MLG,IMPLORA NAIL POL RED2,IMPLORA EYEBROW SOFT BROWN,IMPLORA EYEBROW SOFT BROWN,IMPLORA EYEBROW SOFT BROWN,KAPAS SELECTION SPC TIPIS 60GR,AC KUNCIR CACING MOTIF KCL SK,IMPLORA EYE PENCIL GREY BROWN,IMPLORA EYE PENCIL GREY BROWN,BRSV KUTEK 2IN1 8ML,AC KARET SPIRAL WARNA SK
KC BELLA SQ NECI,AC JEDAY MATTE KCL SK,WARDAH UV SHIELD ESS SUNSCREEN SPF30,WARDAH UV SHIELD ESS SUNSCREEN SPF30,MSG FACIAL WASH KE,VIVA AIR MAWAR,KAPAS SELECTION 50GR,KAPAS SELECTION 75GR,IMPLORA EYEBROW SOFT BLACK,IMPLORA EYEBROW SOFT BLACK,AC JEPIT KOTAK MATTE SK,KAPAS SELECTION SPC TIPIS 60GR,AC KARET SPIRAL WARNA SK
KC BELLA SQ NECI,KC BELLA SQ NECI,IMPLORA EYE PENCIL BLACK 001,IMPLORA EYEBROW SOFT BLACK,KAPAS SELECTION 75GR,KAPAS SELECTION 50GR,IMPLORA EYEBROW SOFT BLACK,IMPLORA EYEBROW SOFT BLACK,KAPAS SELECTION 50GR,KC HIJAB SPORT MLG,KC HIJAB SPORT MLG,AC JEPIT KOTAK MATTE SK,KAPAS SELECTION SPC TIPIS 60GR,AC KUNCIR CACING MOTIF KCL SK,AC KUNCIR CACING MOTIF KCL SK,AC KUNCIR CACING MOTIF KCL SK,AC KUNCIR ANAK KARTUN,AC KARET SPIRAL WARNA SK
KC BELLA SQ NECI,KC BELLA SQ NECI,IMPLORA EYE PENCIL BROWN,IMPLORA EYE PENCIL BROWN,IMPLORA EYE PENCIL BROWN,IMPLORA EYE PENCIL BROWN,AC JEDAY MATTE KCL SK,EMINA SUN BATTLE SPF 30 60ML,IMPLORA EYE PENCIL BLACK 001,WARDAH UV SHIELD ESS SUNSCREEN SPF30,MSG FACIAL WASH KE,MSG FACIAL WASH KE,KAPAS SELECTION 50GR,KAPAS SELECTION 75GR,IMPLORA EYEBROW SOFT BLACK,MSG FACIAL WASH KE,MSG FACIAL WASH KE,KAPAS SELECTION 50GR,MSG FACIAL WASH KE,KAPAS SELECTION 50GR,MSG FACIAL WASH KE,AC JEDAY KCL SK,AC JEDAY KCL SK,IMPLORA NAIL POL RED2,MSG WHITE DAY CREAM KE,IMPLORA NAIL POL RED2,MSG WHITE DAY CREAM KE,MSG WHITE DAY CREAM KE,MSG WHITE DAY CREAM KE,IMPLORA EYEBROW SOFT BROWN,AC KUNCIR CACING MOTIF KCL SK,AC KARET SPIRAL WARNA SK,KC BELLA SQ LASER CUT M
KC BELLA SQ NECI,KC BELLA SQ NECI,KC BELLA SQ NECI,HS LP BOBA 02 BROWN,HS LP BOBA 02 BROWN,AC JARUM PENTUL BSR SK,IMPLORA EYE PENCIL BROWN,IMPLORA EYE PENCIL BROWN,IMPLORA EYE PENCIL BROWN,AC JEDAY MATTE KCL SK,EMINA SUN BATTLE SPF 30 60ML,EMINA SUN BATTLE SPF 30 60ML,IMPLORA EYE PENCIL DRK BROWN 007,EMINA SUN BATTLE SPF 30 60ML,KAPAS SELECTION 50GR,MSG FACIAL WASH KE,MSG FACIAL WASH KE,MSG FACIAL WASH KE,KAPAS SELECTION 75GR,KAPAS SELECTION 75GR,MSG FACIAL WASH KE,KAPAS SELECTION 75GR,IMPLORA EYEBROW SOFT BLACK,KAPAS SELECTION 50GR,KAPAS SELECTION 50GR,IMPLORA EYEBROW SOFT BLACK,MSG FACIAL WASH KE,KAPAS SELECTION 50GR,AC JEDAY KCL SK,AC JEDAY KCL SK,MSG WHITE DAY CREAM KE,IMPLORA EYEBROW SOFT BROWN,IMPLORA EYEBROW SOFT BROWN,SALSA EYEBROW PENCIL 4IN1,BLACK&BROWN,SALSA EYEBROW PENCIL 4IN1,BLACK&BROWN,AC JEPIT KOTAK MATTE SK,IMPLORA EYE PENCIL GREY BROWN,IMPLORA EYE PENCIL GREY BROWN,IMPLORA EYE PENCIL GREY BROWN,BRSV KUTEK 2IN1 8ML
BRSV KUTEK 2IN1 8ML,AC KARET SPIRAL WARNA SK,KC BELLA SQ NECI,KC BELLA SQ NECI,KC BELLA SQ NECI,KC BELLA SQ NECI,BRSV KUTEK NUDES,BRSV KUTEK NUDES,BRSV KUTEK NUDES,HS LP BOBA 02 BROWN,AC JEDAY MATTE KCL SK,KAPAS SELECTION 75GR,KAPAS SELECTION 75GR,VIVA AIR MAWAR,MSG FACIAL WASH KE,MSG FACIAL WASH KE,AC JEDAY KCL SK,KC HIJAB SPORT MLG,MSG WHITE DAY CREAM KE,IMPLORA EYEBROW SOFT BROWN,SALSA EYEBROW PENCIL 4IN1,BLACK&BROWN,AC JEPIT KOTAK MATTE SK,KAPAS SELECTION SPC TIPIS 175S,BRSV KUTEK 2IN1 8ML
BRSV KUTEK 2IN1 8ML,AC KUNCIR ANAK KARTUN,KC BELLA SQ LASER CUT M,KC BELLA SQ NECI,KC BELLA SQ NECI,BRSV KUTEK NUDES,BRSV KUTEK NUDES,HS LP BOBA 02 BROWN,EMINA SUN BATTLE SPF 30 60ML,KAPAS SELECTION 50GR,MSG FACIAL WASH KE,KAPAS SELECTION 75GR,VIVA AIR MAWAR,IMPLORA EYEBROW SOFT BLACK,MSG FACIAL WASH KE,IMPLORA EYEBROW SOFT BLACK,MSG WHITE DAY CREAM KE,MSG WHITE DAY CREAM KE,SALSA EYEBROW PENCIL 4IN1,BLACK&BROWN,AC KUNCIR CACING MOTIF KCL SK,KAPAS SELECTION SPC TIPIS 60GR,KAPAS SELECTION SPC TIPIS 175S,BRSV KUTEK 2IN1 8ML,KC BELLA SQ LASER CUT M
AC KUNCIR ANAK KARTUN,KC BELLA SQ LASER CUT M,AC KARET SPIRAL WARNA SK,AC KUNCIR ANAK KARTUN,KC BELLA SQ NECI,HS LP BOBA 02 BROWN,AC JARUM PENTUL BSR SK,AC JARUM PENTUL BSR SK,EMINA SUN BATTLE SPF 30 60ML,AC JEDAY MATTE BSR SK,WARDAH UV SHIELD ESS SUNSCREEN SPF30,WARDAH UV SHIELD ESS SUNSCREEN SPF30,MSG FACIAL WASH KE,KAPAS SELECTION 50GR,MSG FACIAL WASH KE,KAPAS SELECTION 50GR,AC JEDAY KCL SK,KC HIJAB SPORT MLG,MSG WHITE DAY CREAM KE,IMPLORA EYEBROW SOFT BROWN
IMPLORA EYEBROW SOFT BROWN,SALSA EYEBROW PENCIL 4IN1,BLACK&BROWN,AC JEPIT KOTAK MATTE SK,KAPAS SELECTION SPC TIPIS 175S,KC BELLA SQ NECI,KC BELLA SQ NECI,KC BELLA SQ NECI,KC BELLA SQ NECI,HS LP BOBA 02 BROWN,HS LP BOBA 02 BROWN,IMPLORA EYE PENCIL DRK BROWN 007,AC JEDAY MATTE BSR SK,AC JEDAY MATTE BSR SK,KAPAS SELECTION 75GR,MSG FACIAL WASH KE,KAPAS SELECTION 75GR,MSG WHITE DAY CREAM KP,MSG WHITE DAY CREAM KP,MSG WHITE DAY CREAM KE,MSG WHITE DAY CREAM KE,KC HIJAB SPORT MLG,MSG WHITE DAY CREAM KE,IMPLORA EYEBROW SOFT BROWN
KAPAS SELECTION SPC TIPIS 175S,KAPAS SELECTION SPC TIPIS 175S,KAPAS SELECTION SPC TIPIS 175S,AC KARET SPIRAL WARNA SK,KC BELLA SQ LASER CUT M,KC BELLA SQ NECI,KC BELLA SQ NECI,KC BELLA SQ NECI,BRSV KUTEK NUDES,AC JEDAY MATTE KCL SK,WARDAH UV SHIELD ESS SUNSCREEN SPF30,AC JEDAY MATTE BSR SK,VIVA AIR MAWAR,MSG FACIAL WASH KP
KC HIJAB SPORT MLG,SALSA EYEBROW PENCIL 4IN1,BLACK&BROWN,SALSA EYEBROW PENCIL 4IN1,BLACK&BROWN,AC JEPIT KOTAK MATTE SK,KAPAS SELECTION SPC TIPIS 175S,HS LP BOBA 02 BROWN,AC JEDAY MATTE KCL SK,EMINA SUN BATTLE SPF 30 60ML,EMINA SUN BATTLE SPF 30 60ML,EMINA SUN BATTLE SPF 30 60ML,AC JEDAY MATTE BSR SK
AC JEDAY MATTE BSR SK,VIVA AIR MAWAR,VIVA AIR MAWAR,IMPLORA EYEBROW SOFT BROWN,AC JEPIT KOTAK MATTE SK,AC JEPIT KOTAK MATTE SK,BRSV KUTEK 2IN1 8ML,KC BELLA SQ NECI,KC BELLA SQ NECI,AC JEDAY MATTE BSR SK,AC JEDAY MATTE BSR SK,WARDAH UV SHIELD ESS SUNSCREEN SPF30,KAPAS SELECTION 50GR,MSG WHITE DAY CREAM KP
MSG WHITE DAY CREAM KE,IMPLORA EYEBROW SOFT BROWN,AC JEPIT KOTAK MATTE SK,IMPLORA EYE PENCIL GREY BROWN,KAPAS SELECTION SPC TIPIS 60GR,BRSV KUTEK 2IN1 8ML,AC KUNCIR ANAK KARTUN,KC BELLA SQ NECI,KC BELLA SQ NECI,KC BELLA SQ NECI,KC BELLA SQ NECI,BRSV KUTEK NUDES,HS LP BOBA 02 BROWN,BRSV KUTEK NUDES,AC JARUM PENTUL BSR SK,AC JARUM PENTUL BSR SK,AC JARUM PENTUL BSR SK,AC JARUM PENTUL BSR SK,AC JEDAY MATTE KCL SK,AC JEDAY MATTE KCL SK,AC JEDAY MATTE KCL SK,IMPLORA EYE PENCIL DRK BROWN 007,EMINA SUN BATTLE SPF 30 60ML,WARDAH UV SHIELD ESS SUNSCREEN SPF30,WARDAH UV SHIELD ESS SUNSCREEN SPF30,AC JEDAY MATTE BSR SK,KAPAS SELECTION 50GR,VIVA AIR MAWAR,KAPAS SELECTION 50GR,KAPAS SELECTION 50GR,IMPLORA EYEBROW SOFT BLACK,IMPLORA EYEBROW SOFT BLACK,MSG WHITE DAY CREAM KP
MSG WHITE DAY CREAM KP,MSG FACIAL WASH KP,KC HIJAB SPORT MLG,KC HIJAB SPORT MLG,SALSA EYEBROW PENCIL 4IN1 BLACK&BROWN,SALSA EYEBROW PENCIL 4IN1 BLACK&BROWN,AC JEPIT KOTAK MATTE SK,KC BELLA SQ NECI,KC BELLA SQ NECI,KC BELLA SQ NECI,KC BELLA SQ NECI,BRSV KUTEK NUDES,AC JARUM PENTUL BSR SK,AC JEDAY MATTE KCL SK,IMPLORA EYE PENCIL DRK BROWN 007,IMPLORA EYE PENCIL DRK BROWN 007,WARDAH UV SHIELD ESS SUNSCREEN SPF30,WARDAH UV SHIELD ESS SUNSCREEN SPF30,VIVA AIR MAWAR,KAPAS SELECTION 75GR,VIVA AIR MAWAR,KAPAS SELECTION 50GR,KAPAS SELECTION 75GR,VIVA AIR MAWAR,KAPAS SELECTION 75GR,MSG FACIAL WASH KE,KAPAS SELECTION 50GR,AC JEDAY KCL SK
MSG WHITE DAY CREAM KP,MSG WHITE DAY CREAM KP,SALSA EYEBROW PENCIL 4IN1 BLACK&BROWN,AC JEPIT KOTAK MATTE SK,IMPLORA EYE PENCIL GREY BROWN,KC BELLA SQ LASER CUT M,KB GEAMOORE BASIC CLUB WARM WOODY 50ML,KC BELLA SQ NECI,KC BELLA SQ NECI,KC BELLA SQ NECI,KC BELLA SQ NECI,KC BELLA SQ NECI,KC BELLA SQ NECI,KC BELLA SQ NECI,HS LP BOBA 02 BROWN,HS LP BOBA 02 BROWN,HS LP BOBA 02 BROWN,BRSV KUTEK NUDES,BRSV KUTEK NUDES,BRSV KUTEK NUDES,AC JARUM PENTUL BSR SK,AC JARUM PENTUL BSR SK,AC JEDAY MATTE KCL SK,IMPLORA EYE PENCIL DRK BROWN 007,EMINA SUN BATTLE SPF 30 60ML,IMPLORA EYE PENCIL BLACK 001,IMPLORA EYE PENCIL BLACK 001,IMPLORA EYE PENCIL BLACK 001,IMPLORA EYE PENCIL BLACK 001,AC JEDAY MATTE BSR SK,AC JEDAY KCL SK,MSG FACIAL WASH KP,KC HIJAB SPORT MLG,MSG FACIAL WASH KP,SALSA EYEBROW PENCIL 4IN1 BLACK&BROWN,AC JEPIT KOTAK MATTE SK
BRSV KUTEK 2IN1 8ML,IMPLORA EYE PENCIL GREY BROWN,KAPAS SELECTION SPC TIPIS 175S,KAPAS SELECTION SPC TIPIS 60GR,AC KARET SPIRAL WARNA SK,AC KUNCIR ANAK KARTUN,KC BELLA SQ LASER CUT M,KC BELLA SQ NECI,KC BELLA SQ NECI,KC BELLA SQ NECI,BRSV KUTEK NUDES,IMPLORA EYE PENCIL DRK BROWN 007,EMINA SUN BATTLE SPF 30 60ML,WARDAH UV SHIELD ESS SUNSCREEN SPF30,IMPLORA EYE PENCIL BLACK 001,IMPLORA EYE PENCIL BLACK 001,IMPLORA EYE PENCIL BLACK 001,IMPLORA EYE PENCIL BLACK 001,IMPLORA EYE PENCIL BLACK 001,IMPLORA EYEBROW SOFT BLACK,KAPAS SELECTION 75GR,VIVA AIR MAWAR,KAPAS SELECTION 50GR,MSG WHITE DAY CREAM KP,MSG FACIAL WASH KP,IMPLORA NAIL POL RED2,MSG FACIAL WASH KP
MSG WHITE DAY CREAM KE,MSG WHITE DAY CREAM KE,KC HIJAB SPORT MLG,SALSA EYEBROW PENCIL 4IN1 BLACK&BROWN,AC JEPIT KOTAK MATTE SK,IMPLORA EYE PENCIL GREY BROWN,KAPAS SELECTION SPC TIPIS 60GR,KC BELLA SQ NECI,KC BELLA SQ NECI,KC BELLA SQ NECI,KC BELLA SQ NECI,HS LP BOBA 02 BROWN,HS LP BOBA 02 BROWN,HS LP BOBA 02 BROWN,BRSV KUTEK NUDES,BRSV KUTEK NUDES,BRSV KUTEK NUDES,HS LP BOBA 02 BROWN,AC JARUM PENTUL BSR SK,AC JARUM PENTUL BSR SK,AC JARUM PENTUL BSR SK,AC JARUM PENTUL BSR SK,AC JEDAY MATTE KCL SK,EMINA SUN BATTLE SPF 30 60ML,IMPLORA EYE PENCIL DRK BROWN 007,EMINA SUN BATTLE SPF 30 60ML,IMPLORA EYE PENCIL DRK BROWN 007,WARDAH UV SHIELD ESS SUNSCREEN SPF30,AC JEDAY MATTE BSR SK,AC JEDAY MATTE BSR SK,AC JEDAY MATTE BSR SK,AC JEDAY MATTE BSR SK,KAPAS SELECTION 75GR,MSG WHITE DAY CREAM KP,AC JEDAY KCL SK,MSG WHITE DAY CREAM KP,IMPLORA NAIL POL RED2,MSG FACIAL WASH KP,KC HIJAB SPORT MLG,IMPLORA NAIL POL RED2,IMPLORA NAIL POL RED2,MSG FACIAL WASH KP,IMPLORA EYEBROW SOFT BROWN,IMPLORA EYEBROW SOFT BROWN,IMPLORA EYEBROW SOFT BROWN,SALSA EYEBROW PENCIL 4IN1 BLACK&BROWN,AC KUNCIR CACING MOTIF KCL SK,AC KUNCIR CACING MOTIF KCL SK,IMPLORA EYE PENCIL GREY BROWN,AC KUNCIR ANAK KARTUN,KB GEAMOORE BASIC CLUB WARM WOODY 50ML
KC BELLA SQ LASER CUT M,AC KUNCIR ANAK KARTUN,AC KUNCIR ANAK KARTUN,KB GEAMOORE BASIC CLUB WARM WOODY 50ML,KB GEAMOORE BASIC CLUB WARM WOODY 50ML,AC KARET SPIRAL WARNA SK,KB GEAMOORE BASIC CLUB WARM WOODY 50ML,KC BELLA SQ NECI,KC BELLA SQ NECI,KC BELLA SQ NECI,KC BELLA SQ NECI,HS LP BOBA 02 BROWN,BRSV KUTEK NUDES,BRSV KUTEK NUDES,HS LP BOBA 02 BROWN,AC JARUM PENTUL BSR SK,IMPLORA EYE PENCIL BROWN,AC JARUM PENTUL BSR SK,AC JARUM PENTUL BSR SK,IMPLORA EYE PENCIL BROWN,AC JARUM PENTUL BSR SK,IMPLORA EYE PENCIL BROWN,IMPLORA EYE PENCIL BROWN,IMPLORA EYE PENCIL BROWN,IMPLORA EYE PENCIL BROWN,AC JEDAY MATTE KCL SK,EMINA SUN BATTLE SPF 30 60ML,IMPLORA EYE PENCIL DRK BROWN 007,AC JEDAY MATTE BSR SK,AC JEDAY MATTE BSR SK,AC JEDAY MATTE BSR SK,WARDAH UV SHIELD ESS SUNSCREEN SPF30,AC JEDAY MATTE BSR SK,KAPAS SELECTION 50GR,KAPAS SELECTION 50GR,KAPAS SELECTION 75GR,KAPAS SELECTION 75GR,IMPLORA NAIL POL RED2,MSG FACIAL WASH KP
SALSA EYEBROW PENCIL 4IN1 BLACK&BROWN,AC JEPIT KOTAK MATTE SK,BRSV KUTEK 2IN1 8ML,KAPAS SELECTION SPC TIPIS 60GR,AC KUNCIR CACING MOTIF KCL SK,KC BELLA SQ LASER CUT M,KB GEAMOORE BASIC CLUB WARM WOODY 50ML,KC BELLA SQ NECI,KC BELLA SQ NECI,KC BELLA SQ NECI,KC BELLA SQ NECI,BRSV KUTEK NUDES,HS LP BOBA 02 BROWN,IMPLORA EYE PENCIL BROWN,AC JARUM PENTUL BSR SK,IMPLORA EYE PENCIL BROWN,EMINA SUN BATTLE SPF 30 60ML,AC JEDAY MATTE BSR SK,KAPAS SELECTION 75GR,IMPLORA EYEBROW SOFT BLACK,MSG FACIAL WASH KE,MSG WHITE DAY CREAM KE,MSG WHITE DAY CREAM KE,MSG WHITE DAY CREAM KE
IMPLORA NAIL POL RED2,MSG FACIAL WASH KP,SALSA EYEBROW PENCIL 4IN1 BLACK&BROWN,KB GEAMOORE BASIC CLUB WARM WOODY 50ML,KC BELLA SQ LASER CUT M,KC BELLA SQ LASER CUT M,KB GEAMOORE BASIC CLUB WARM WOODY 50ML,KC BELLA SQ NECI,KC BELLA SQ NECI,KC BELLA SQ NECI,HS LP BOBA 02 BROWN,HS LP BOBA 02 BROWN,BRSV KUTEK NUDES,AC JARUM PENTUL BSR SK,IMPLORA EYE PENCIL BROWN,AC JARUM PENTUL BSR SK,IMPLORA EYE PENCIL BROWN,AC JEDAY MATTE KCL SK,AC JEDAY MATTE KCL SK,IMPLORA EYE PENCIL DRK BROWN 007,EMINA SUN BATTLE SPF 30 60ML,AC JEDAY MATTE BSR SK,AC JEDAY MATTE BSR SK,IMPLORA EYE PENCIL BLACK 001,KAPAS SELECTION 75GR,VIVA AIR MAWAR,AC JEDAY KCL SK,AC JEDAY KCL SK,AC JEDAY KCL SK,IMPLORA NAIL POL RED2,KC HIJAB SPORT MLG,IMPLORA NAIL POL RED2,SALSA EYEBROW PENCIL 4IN1 BLACK&BROWN,AC JEPIT KOTAK MATTE SK,AC KUNCIR CACING MOTIF KCL SK
BRSV KUTEK 2IN1 8ML,KAPAS SELECTION SPC TIPIS 60GR,AC KUNCIR CACING MOTIF KCL SK,IMPLORA EYE PENCIL GREY BROWN,AC KUNCIR CACING MOTIF KCL SK,AC KARET SPIRAL WARNA SK,AC KARET SPIRAL WARNA SK,KC BELLA SQ NECI,KC BELLA SQ NECI,AC JARUM PENTUL BSR SK,AC JARUM PENTUL BSR SK,IMPLORA EYE PENCIL DRK BROWN 007,EMINA SUN BATTLE SPF 30 60ML,EMINA SUN BATTLE SPF 30 60ML,AC JEDAY MATTE BSR SK,IMPLORA EYE PENCIL BLACK 001,VIVA AIR MAWAR,VIVA AIR MAWAR,IMPLORA EYEBROW SOFT BLACK
IMPLORA NAIL POL RED2,KC HIJAB SPORT MLG,IMPLORA NAIL POL RED2,IMPLORA EYEBROW SOFT BROWN,KAPAS SELECTION SPC TIPIS 60GR,IMPLORA EYE PENCIL GREY BROWN,KC BELLA SQ LASER CUT M,KC BELLA SQ NECI,KC BELLA SQ NECI,KC BELLA SQ NECI,KC BELLA SQ NECI,AC JARUM PENTUL BSR SK,IMPLORA EYE PENCIL BLACK 001,VIVA AIR MAWAR,MSG WHITE DAY CREAM KP,MSG WHITE DAY CREAM KP,AC JEDAY KCL SK,KC HIJAB SPORT MLG,MSG FACIAL WASH KP,KC HIJAB SPORT MLG
MSG FACIAL WASH KP,IMPLORA NAIL POL RED2,SALSA EYEBROW PENCIL 4IN1 BLACK&BROWN,AC JEPIT KOTAK MATTE SK,KB GEAMOORE BASIC CLUB WARM WOODY 50ML,AC KUNCIR ANAK KARTUN,KC BELLA SQ LASER CUT M,KC BELLA SQ NECI,KC BELLA SQ NECI,HS LP BOBA 02 BROWN,BRSV KUTEK NUDES,BRSV KUTEK NUDES,AC JARUM PENTUL BSR SK,AC JEDAY MATTE KCL SK,AC JEDAY MATTE KCL SK,IMPLORA EYE PENCIL DRK BROWN 007,IMPLORA EYE PENCIL BLACK 001,WARDAH UV SHIELD ESS SUNSCREEN SPF30,IMPLORA EYE PENCIL BLACK 001,VIVA AIR MAWAR,MSG WHITE DAY CREAM KP,AC JEDAY KCL SK,AC JEDAY KCL SK,MSG WHITE DAY CREAM KP,MSG FACIAL WASH KP
KC HIJAB SPORT MLG,KAPAS SELECTION SPC TIPIS 175S,BRSV KUTEK 2IN1 8ML,KAPAS SELECTION SPC TIPIS 175S,AC KUNCIR CACING MOTIF KCL SK,BRSV KUTEK 2IN1 8ML,KB GEAMOORE BASIC CLUB WARM WOODY 50ML,KC BELLA SQ NECI,HS LP BOBA 02 BROWN,BRSV KUTEK NUDES,BRSV KUTEK NUDES,HS LP BOBA 02 BROWN,HS LP BOBA 02 BROWN,AC JARUM PENTUL BSR SK,IMPLORA EYE PENCIL BROWN,EMINA SUN BATTLE SPF 30 60ML,IMPLORA EYE PENCIL DRK BROWN 007,WARDAH UV SHIELD ESS SUNSCREEN SPF30,VIVA AIR MAWAR,IMPLORA EYEBROW SOFT BLACK,KAPAS SELECTION 75GR,MSG WHITE DAY CREAM KP,AC JEDAY KCL SK,MSG FACIAL WASH KP
MSG FACIAL WASH KP,KC HIJAB SPORT MLG,BRSV KUTEK 2IN1 8ML,BRSV KUTEK 2IN1 8ML,IMPLORA EYE PENCIL GREY BROWN,KAPAS SELECTION SPC TIPIS 175S,IMPLORA EYE PENCIL GREY BROWN,KC BELLA SQ NECI,KC BELLA SQ NECI,HS LP BOBA 02 BROWN,BRSV KUTEK NUDES,HS LP BOBA 02 BROWN,IMPLORA EYE PENCIL BROWN,AC JARUM PENTUL BSR SK,AC JARUM PENTUL BSR SK,IMPLORA EYE PENCIL BROWN,IMPLORA EYE PENCIL BROWN,IMPLORA EYE PENCIL DRK BROWN 007,IMPLORA EYE PENCIL BLACK 001,IMPLORA EYE PENCIL BLACK 001,IMPLORA EYE PENCIL BLACK 001,IMPLORA EYE PENCIL BLACK 001,WARDAH UV SHIELD ESS SUNSCREEN SPF30,WARDAH UV SHIELD ESS SUNSCREEN SPF30,IMPLORA EYEBROW SOFT BLACK,IMPLORA EYEBROW SOFT BLACK,KAPAS SELECTION 75GR,MSG WHITE DAY CREAM KP,MSG WHITE DAY CREAM KP,MSG FACIAL WASH KP
BRSV KUTEK 2IN1 8ML,IMPLORA EYE PENCIL GREY BROWN,KAPAS SELECTION SPC TIPIS 60GR,AC KUNCIR CACING MOTIF KCL SK,AC KARET SPIRAL WARNA SK,KC BELLA SQ LASER CUT M,AC KUNCIR ANAK KARTUN,BRSV KUTEK NUDES,IMPLORA EYE PENCIL BROWN,AC JARUM PENTUL BSR SK,IMPLORA EYE PENCIL BROWN,AC JEDAY MATTE KCL SK,AC JEDAY MATTE KCL SK,IMPLORA EYE PENCIL DRK BROWN 007,IMPLORA EYE PENCIL BLACK 001,IMPLORA EYE PENCIL BLACK 001,AC JEDAY KCL SK
IMPLORA NAIL POL RED2,IMPLORA NAIL POL RED2,MSG FACIAL WASH KP,KAPAS SELECTION SPC TIPIS 60GR,KAPAS SELECTION SPC TIPIS 175S,KAPAS SELECTION SPC TIPIS 175S,AC KUNCIR ANAK KARTUN,KC BELLA SQ NECI,KC BELLA SQ NECI,KC BELLA SQ NECI,BRSV KUTEK NUDES,BRSV KUTEK NUDES,HS LP BOBA 02 BROWN,IMPLORA EYE PENCIL BROWN,IMPLORA EYE PENCIL BROWN,AC JEDAY MATTE KCL SK,AC JEDAY MATTE KCL SK,AC JEDAY MATTE KCL SK,IMPLORA EYE PENCIL DRK BROWN 007,IMPLORA EYE PENCIL DRK BROWN 007,IMPLORA EYE PENCIL DRK BROWN 007,IMPLORA EYE PENCIL DRK BROWN 007,IMPLORA EYE PENCIL DRK BROWN 007,IMPLORA EYE PENCIL BLACK 001,WARDAH UV SHIELD ESS SUNSCREEN SPF30,WARDAH UV SHIELD ESS SUNSCREEN SPF30,VIVA AIR MAWAR,MSG WHITE DAY CREAM KP,KC HIJAB SPORT MLG,MSG FACIAL WASH KP,IMPLORA EYE PENCIL GREY BROWN
KAPAS SELECTION SPC TIPIS 175S,KAPAS SELECTION SPC TIPIS 60GR,AC KUNCIR ANAK KARTUN,KC BELLA SQ LASER CUT M,AC KARET SPIRAL WARNA SK,AC KARET SPIRAL WARNA SK,AC KUNCIR ANAK KARTUN,KC BELLA SQ NECI,KC BELLA SQ NECI,KC BELLA SQ NECI,HS LP BOBA 02 BROWN,BRSV KUTEK NUDES,BRSV KUTEK NUDES,IMPLORA EYE PENCIL BROWN,IMPLORA EYE PENCIL DRK BROWN 007,WARDAH UV SHIELD ESS SUNSCREEN SPF30,IMPLORA EYEBROW SOFT BLACK,MSG WHITE DAY CREAM KP
MSG WHITE DAY CREAM KP,MSG FACIAL WASH KP,IMPLORA NAIL POL RED2,MSG WHITE DAY CREAM KE,IMPLORA NAIL POL RED2,AC KUNCIR CACING MOTIF KCL SK,KAPAS SELECTION SPC TIPIS 175S,AC JEDAY MATTE KCL SK,AC JEDAY MATTE KCL SK,EMINA SUN BATTLE SPF 30 60ML,VIVA AIR MAWAR
AC JEDAY KCL SK,AC JEPIT KOTAK MATTE SK,KAPAS SELECTION SPC TIPIS 60GR,AC KUNCIR CACING MOTIF KCL SK,KB GEAMOORE BASIC CLUB WARM WOODY 50ML,KB GEAMOORE BASIC CLUB WARM WOODY 50ML,KB GEAMOORE BASIC CLUB WARM WOODY 50ML,KC BELLA SQ NECI,KC BELLA SQ NECI,HS LP BOBA 02 BROWN,HS LP BOBA 02 BROWN,BRSV KUTEK NUDES,IMPLORA EYE PENCIL BROWN,IMPLORA EYE PENCIL BROWN,AC JEDAY MATTE KCL SK,EMINA SUN BATTLE SPF 30 60ML
EMINA SUN BATTLE SPF 30 60ML,WARDAH UV SHIELD ESS SUNSCREEN SPF30,VIVA AIR MAWAR,VIVA AIR MAWAR,KAPAS SELECTION SPC TIPIS 60GR,KAPAS SELECTION SPC TIPIS 60GR,KAPAS SELECTION SPC TIPIS 175S,IMPLORA EYE PENCIL BROWN,IMPLORA EYE PENCIL DRK BROWN 007,MSG FACIAL WASH KE
