KC BELLA SQ NECI,BRSV KUTEK NUDES,AC JEDAY SEDANG DECLIPS,KC BELLA SQ LASER CUT M,THE ORIG MOISTURIZER HYLUCERA 50GR,AC KUNCIR DNT POLOS KECIL,HS LP BOBA 02 BROWN,AC JARUM PENTUL KCL,KC PASHMINA CERUTY 175*75 M,AC KARET SK,AC JEDAY SEDANG PM,WARDAH UV SHIELD ESS SUNSCREEN SPF30,KAPAS SELECTION 35GR,HS LP BOBA 06 HAZELNUT LATTE,MSG FACIAL WASH KE,KC JILBAB MOTIF OSAKA,IMPLORA EYE PENCIL GREY BROWN,AC JARUM PENTUL BSR SK,EMINA BRIGHT STUFF MOISTURIZING CRM,AC BANDO MATTE MOTIF SK,IMPLORA EYE PENCIL BLACK 001,OMG MATTE KISS LIP CRM 12 SCARLET,KC ROK PLISKET,WARDAH LIG DAY CRM ADV20ML,IMPLORA EYE PENCIL BROWN,AC STIKER SANRIO MJ,EMINA SUN BATTLE SPF 30 60ML,BRSV KUTEK 2IN1 8ML,VIVA AIR MAWAR,BRSV NAIL REMOVER 60ML
KC BELLA SQ NECI,KC BELLA SQ NECI,KC BELLA SQ NECI,KC BELLA SQ NECI,AC JEDAY SEDANG DECLIPS,KC BELLA SQ LASER CUT M,HS LP BOBA 02 BROWN,HS LP BOBA 06 HAZELNUT LATTE,IMPLORA EYE PENCIL GREY BROWN,EMINA BRIGHT STUFF MOISTURIZING CRM,AC BANDO MATTE MOTIF SK,IMPLORA EYE PENCIL BROWN,AC STIKER SANRIO MJ,VIVA AIR MAWAR
KC BELLA SQ NECI,KC BELLA SQ NECI,KC BELLA SQ NECI,KC BELLA SQ NECI,AC JEDAY SEDANG DECLIPS,KC BELLA SQ LASER CUT M,KC BELLA SQ LASER CUT M,KC BELLA SQ LASER CUT M,AC KUNCIR DNT POLOS KECIL,HS LP BOBA 02 BROWN,HS LP BOBA 02 BROWN,KAPAS SELECTION 35GR,KAPAS SELECTION 35GR,MSG FACIAL WASH KE,MSG FACIAL WASH KE,IMPLORA EYE PENCIL GREY BROWN,IMPLORA EYE PENCIL BLACK 001,KC ROK PLISKET,KC ROK PLISKET,IMPLORA EYE PENCIL BROWN,AC STIKER SANRIO MJ
KC BELLA SQ NECI,KC BELLA SQ NECI,KC BELLA SQ NECI,KC BELLA SQ NECI,KC BELLA SQ LASER CUT M,HS LP BOBA 02 BROWN,AC JARUM PENTUL KCL,AC JARUM PENTUL KCL,HS LP BOBA 02 BROWN,AC JARUM PENTUL KCL,KC PASHMINA CERUTY 175*75 M,KC PASHMINA CERUTY 175*75 M,KC PASHMINA CERUTY 175*75 M,AC KARET SK,HS LP BOBA 06 HAZELNUT LATTE,IMPLORA EYE PENCIL GREY BROWN,IMPLORA EYE PENCIL GREY BROWN,IMPLORA EYE PENCIL BLACK 001,IMPLORA EYE PENCIL BLACK 001,IMPLORA EYE PENCIL BLACK 001,WARDAH LIG DAY CRM ADV20ML,IMPLORA EYE PENCIL BROWN,IMPLORA EYE PENCIL BROWN,AC STIKER SANRIO MJ,AC STIKER SANRIO MJ
KC BELLA SQ NECI,KC BELLA SQ NECI,KC BELLA SQ NECI,KC BELLA SQ NECI,AC JEDAY SEDANG DECLIPS,KC BELLA SQ LASER CUT M,KC BELLA SQ LASER CUT M,AC JARUM PENTUL KCL,HS LP BOBA 02 BROWN,AC JEDAY SEDANG PM,WARDAH UV SHIELD ESS SUNSCREEN SPF30,KC PASHMINA CERUTY 175*75 M,AC KARET SK,EMINA BRIGHT STUFF MOISTURIZING CRM,EMINA BRIGHT STUFF MOISTURIZING CRM,EMINA BRIGHT STUFF MOISTURIZING CRM,IMPLORA EYE PENCIL BLACK 001,AC BANDO MATTE MOTIF SK,WARDAH LIG DAY CRM ADV20ML,EMINA SUN BATTLE SPF 30 60ML,VIVA AIR MAWAR
KC BELLA SQ NECI,KC BELLA SQ NECI,KC BELLA SQ NECI,AC JEDAY SEDANG DECLIPS,KC BELLA SQ LASER CUT M,KC BELLA SQ LASER CUT M,KC PASHMINA CERUTY 175*75 M,KC PASHMINA CERUTY 175*75 M,AC KARET SK,WARDAH UV SHIELD ESS SUNSCREEN SPF30,AC KARET SK,AC JEDAY SEDANG PM,KAPAS SELECTION 35GR,KAPAS SELECTION 35GR,HS LP BOBA 06 HAZELNUT LATTE,IMPLORA EYE PENCIL GREY BROWN,AC BANDO MATTE MOTIF SK,IMPLORA EYE PENCIL BLACK 001,AC STIKER SANRIO MJ,EMINA SUN BATTLE SPF 30 60ML,VIVA AIR MAWAR
KC BELLA SQ NECI,AC JARUM PENTUL KCL,AC KARET SK,KC PASHMINA CERUTY 175*75 M,WARDAH UV SHIELD ESS SUNSCREEN SPF30,KAPAS SELECTION 35GR,IMPLORA EYE PENCIL GREY BROWN,KC ROK PLISKET,WARDAH LIG DAY CRM ADV20ML,KC ROK PLISKET,IMPLORA EYE PENCIL BROWN
KC BELLA SQ NECI,KC BELLA SQ NECI,KC BELLA SQ NECI,KC BELLA SQ NECI,THE ORIG MOISTURIZER HYLUCERA 50GR,AC JARUM PENTUL KCL,AC JARUM PENTUL KCL,AC KARET SK,KAPAS SELECTION 35GR,AC JARUM PENTUL BSR SK,AC JARUM PENTUL BSR SK,AC JARUM PENTUL BSR SK,AC BANDO MATTE MOTIF SK,AC BANDO MATTE MOTIF SK,IMPLORA EYE PENCIL BLACK 001,AC BANDO MATTE MOTIF SK,AC STIKER SANRIO MJ,EMINA SUN BATTLE SPF 30 60ML,EMINA SUN BATTLE SPF 30 60ML,VIVA AIR MAWAR
KC BELLA SQ NECI,KC BELLA SQ NECI,KC BELLA SQ NECI,KC BELLA SQ LASER CUT M,THE ORIG MOISTURIZER HYLUCERA 50GR,AC KARET SK,WARDAH UV SHIELD ESS SUNSCREEN SPF30,KAPAS SELECTION 35GR,HS LP BOBA 06 HAZELNUT LATTE,AC JARUM PENTUL BSR SK,AC JARUM PENTUL BSR SK,IMPLORA EYE PENCIL BLACK 001,IMPLORA EYE PENCIL BLACK 001,IMPLORA EYE PENCIL BLACK 001,KC ROK PLISKET,AC STIKER SANRIO MJ,EMINA SUN BATTLE SPF 30 60ML
KC BELLA SQ NECI,KC BELLA SQ NECI,KC BELLA SQ NECI,KC BELLA SQ NECI,KC BELLA SQ NECI,AC JEDAY SEDANG DECLIPS,KC BELLA SQ LASER CUT M,THE ORIG MOISTURIZER HYLUCERA 50GR,AC KUNCIR DNT POLOS KECIL,AC KARET SK,WARDAH UV SHIELD ESS SUNSCREEN SPF30,WARDAH UV SHIELD ESS SUNSCREEN SPF30,KAPAS SELECTION 35GR,HS LP BOBA 06 HAZELNUT LATTE,KC JILBAB MOTIF OSAKA,KC JILBAB MOTIF OSAKA,AC JARUM PENTUL BSR SK,AC JARUM PENTUL BSR SK,IMPLORA EYE PENCIL BLACK 001,KC ROK PLISKET,WARDAH LIG DAY CRM ADV20ML,KC ROK PLISKET,AC STIKER SANRIO MJ
KC BELLA SQ NECI,KC BELLA SQ NECI,KC BELLA SQ NECI,AC JEDAY SEDANG DECLIPS,AC JEDAY SEDANG DECLIPS,AC JEDAY SEDANG DECLIPS,KC BELLA SQ LASER CUT M,THE ORIG MOISTURIZER HYLUCERA 50GR,THE ORIG MOISTURIZER HYLUCERA 50GR,THE ORIG MOISTURIZER HYLUCERA 50GR,THE ORIG MOISTURIZER HYLUCERA 50GR,AC KUNCIR DNT POLOS KECIL,AC KUNCIR DNT POLOS KECIL,AC KUNCIR DNT POLOS KECIL,AC KUNCIR DNT POLOS KECIL,AC JARUM PENTUL KCL,HS LP BOBA 02 BROWN,AC JARUM PENTUL KCL,WARDAH UV SHIELD ESS SUNSCREEN SPF30,HS LP BOBA 06 HAZELNUT LATTE,HS LP BOBA 06 HAZELNUT LATTE,AC JARUM PENTUL BSR SK,IMPLORA EYE PENCIL BLACK 001,IMPLORA EYE PENCIL BLACK 001,IMPLORA EYE PENCIL BLACK 001,WARDAH LIG DAY CRM ADV20ML,IMPLORA EYE PENCIL BROWN,AC STIKER SANRIO MJ,AC STIKER SANRIO MJ,IMPLORA EYE PENCIL BROWN
KC BELLA SQ NECI,KC BELLA SQ NECI,AC JEDAY SEDANG DECLIPS,AC KUNCIR DNT POLOS KECIL,AC JARUM PENTUL KCL,WARDAH UV SHIELD ESS SUNSCREEN SPF30,WARDAH UV SHIELD ESS SUNSCREEN SPF30,WARDAH UV SHIELD ESS SUNSCREEN SPF30,WARDAH UV SHIELD ESS SUNSCREEN SPF30,KC JILBAB MOTIF OSAKA,AC JARUM PENTUL BSR SK,IMPLORA EYE PENCIL GREY BROWN,AC BANDO MATTE MOTIF SK,WARDAH LIG DAY CRM ADV20ML,KC ROK PLISKET,KC ROK PLISKET,EMINA SUN BATTLE SPF 30 60ML,VIVA AIR MAWAR
KC BELLA SQ NECI,BRSV KUTEK NUDES,BRSV KUTEK NUDES,AC JEDAY SEDANG DECLIPS,AC JEDAY SEDANG DECLIPS,THE ORIG MOISTURIZER HYLUCERA 50GR,AC KUNCIR DNT POLOS KECIL,AC KUNCIR DNT POLOS KECIL,AC KUNCIR DNT POLOS KECIL,AC JARUM PENTUL KCL,AC KARET SK,AC KARET SK,WARDAH UV SHIELD ESS SUNSCREEN SPF30,MSG FACIAL WASH KE,MSG FACIAL WASH KE,MSG FACIAL WASH KE,KC JILBAB MOTIF OSAKA,AC JARUM PENTUL BSR SK,KC ROK PLISKET,EMINA SUN BATTLE SPF 30 60ML
KC BELLA SQ NECI,BRSV KUTEK NUDES,AC JEDAY SEDANG DECLIPS,AC JEDAY SEDANG DECLIPS,THE ORIG MOISTURIZER HYLUCERA 50GR,THE ORIG MOISTURIZER HYLUCERA 50GR,THE ORIG MOISTURIZER HYLUCERA 50GR,THE ORIG MOISTURIZER HYLUCERA 50GR,AC KUNCIR DNT POLOS KECIL,WARDAH UV SHIELD ESS SUNSCREEN SPF30,KAPAS SELECTION 35GR,KC JILBAB MOTIF OSAKA,IMPLORA EYE PENCIL GREY BROWN,AC BANDO MATTE MOTIF SK,IMPLORA EYE PENCIL BLACK 001,WARDAH LIG DAY CRM ADV20ML,WARDAH LIG DAY CRM ADV20ML,BRSV NAIL REMOVER 60ML
BRSV KUTEK NUDES,BRSV KUTEK NUDES,BRSV KUTEK NUDES,HS LP BOBA 02 BROWN,AC JARUM PENTUL KCL,AC JARUM PENTUL KCL,WARDAH UV SHIELD ESS SUNSCREEN SPF30,AC KARET SK,HS LP BOBA 06 HAZELNUT LATTE,MSG FACIAL WASH KE,KC JILBAB MOTIF OSAKA,IMPLORA EYE PENCIL GREY BROWN,AC JARUM PENTUL BSR SK,WARDAH LIG DAY CRM ADV20ML,BRSV NAIL REMOVER 60ML
KC BELLA SQ NECI,KC BELLA SQ NECI,KC BELLA SQ NECI,KC BELLA SQ NECI,BRSV KUTEK NUDES,KC BELLA SQ LASER CUT M,KC BELLA SQ LASER CUT M,KC BELLA SQ LASER CUT M,KC BELLA SQ LASER CUT M,AC KUNCIR DNT POLOS KECIL,HS LP BOBA 02 BROWN,AC KARET SK,AC KARET SK,KC JILBAB MOTIF OSAKA,AC STIKER SANRIO MJ,AC STIKER SANRIO MJ,BRSV NAIL REMOVER 60ML,BRSV NAIL REMOVER 60ML,BRSV NAIL REMOVER 60ML
KC BELLA SQ NECI,KC BELLA SQ NECI,KC BELLA SQ NECI,KC BELLA SQ NECI,KC BELLA SQ NECI,BRSV KUTEK NUDES,BRSV KUTEK NUDES,BRSV KUTEK NUDES,BRSV KUTEK NUDES,BRSV KUTEK NUDES,BRSV KUTEK NUDES,BRSV KUTEK NUDES,AC JEDAY SEDANG DECLIPS,AC JEDAY SEDANG DECLIPS,AC JEDAY SEDANG DECLIPS,AC JEDAY SEDANG DECLIPS,KC BELLA SQ LASER CUT M,KC BELLA SQ LASER CUT M,THE ORIG MOISTURIZER HYLUCERA 50GR,THE ORIG MOISTURIZER HYLUCERA 50GR,AC KUNCIR DNT POLOS KECIL,HS LP BOBA 02 BROWN,AC JARUM PENTUL KCL,AC JARUM PENTUL KCL,AC JARUM PENTUL KCL,AC JARUM PENTUL KCL,AC JARUM PENTUL KCL,WARDAH UV SHIELD ESS SUNSCREEN SPF30,KC PASHMINA CERUTY 175*75 M,WARDAH UV SHIELD ESS SUNSCREEN SPF30,WARDAH UV SHIELD ESS SUNSCREEN SPF30,AC JEDAY SEDANG PM,HS LP BOBA 06 HAZELNUT LATTE,KC JILBAB MOTIF OSAKA,IMPLORA EYE PENCIL GREY BROWN,AC JARUM PENTUL BSR SK,IMPLORA EYE PENCIL BLACK 001,EMINA BRIGHT STUFF MOISTURIZING CRM,EMINA BRIGHT STUFF MOISTURIZING CRM,EMINA BRIGHT STUFF MOISTURIZING CRM,IMPLORA EYE PENCIL BLACK 001,WARDAH LIG DAY CRM ADV20ML,WARDAH LIG DAY CRM ADV20ML,AC STIKER SANRIO MJ,BRSV KUTEK 2IN1 8ML,VIVA AIR MAWAR,BRSV NAIL REMOVER 60ML,BRSV NAIL REMOVER 60ML
KC BELLA SQ NECI,KC BELLA SQ NECI,BRSV KUTEK NUDES,BRSV KUTEK NUDES,BRSV KUTEK NUDES,BRSV KUTEK NUDES,BRSV KUTEK NUDES,BRSV KUTEK NUDES,BRSV KUTEK NUDES,THE ORIG MOISTURIZER HYLUCERA 50GR,AC KUNCIR DNT POLOS KECIL,AC KUNCIR DNT POLOS KECIL,AC KUNCIR DNT POLOS KECIL,AC KUNCIR DNT POLOS KECIL,AC JARUM PENTUL KCL,KC PASHMINA CERUTY 175*75 M,AC KARET SK,AC JEDAY SEDANG PM,KC PASHMINA CERUTY 175*75 M,AC JEDAY SEDANG PM,KC PASHMINA CERUTY 175*75 M,KC PASHMINA CERUTY 175*75 M,KC PASHMINA CERUTY 175*75 M,KAPAS SELECTION 35GR,HS LP BOBA 06 HAZELNUT LATTE,MSG FACIAL WASH KE,AC JARUM PENTUL BSR SK,EMINA BRIGHT STUFF MOISTURIZING CRM,WARDAH LIG DAY CRM ADV20ML,BRSV KUTEK 2IN1 8ML,EMINA SUN BATTLE SPF 30 60ML,BRSV KUTEK 2IN1 8ML,EMINA SUN BATTLE SPF 30 60ML,BRSV NAIL REMOVER 60ML,VIVA AIR MAWAR
KC BELLA SQ NECI,KC BELLA SQ NECI,KC BELLA SQ NECI,BRSV KUTEK NUDES,THE ORIG MOISTURIZER HYLUCERA 50GR,AC JARUM PENTUL KCL,AC JARUM PENTUL KCL,AC JEDAY SEDANG PM,KC PASHMINA CERUTY 175*75 M,KC PASHMINA CERUTY 175*75 M,WARDAH UV SHIELD ESS SUNSCREEN SPF30,MSG FACIAL WASH KE,HS LP BOBA 06 HAZELNUT LATTE,MSG FACIAL WASH KE,KC JILBAB MOTIF OSAKA,AC JARUM PENTUL BSR SK,IMPLORA EYE PENCIL GREY BROWN,EMINA BRIGHT STUFF MOISTURIZING CRM,BRSV NAIL REMOVER 60ML
KC BELLA SQ NECI,KC BELLA SQ NECI,KC BELLA SQ NECI,KC BELLA SQ NECI,KC BELLA SQ NECI,KC BELLA SQ NECI,BRSV KUTEK NUDES,BRSV KUTEK NUDES,AC JEDAY SEDANG DECLIPS,AC JEDAY SEDANG DECLIPS,AC KUNCIR DNT POLOS KECIL,HS LP BOBA 02 BROWN,HS LP BOBA 02 BROWN,WARDAH UV SHIELD ESS SUNSCREEN SPF30,WARDAH UV SHIELD ESS SUNSCREEN SPF30,KC PASHMINA CERUTY 175*75 M,AC JEDAY SEDANG PM,KAPAS SELECTION 35GR,KAPAS SELECTION 35GR,KC JILBAB MOTIF OSAKA,IMPLORA EYE PENCIL GREY BROWN,AC JARUM PENTUL BSR SK,AC JARUM PENTUL BSR SK,EMINA SUN BATTLE SPF 30 60ML,BRSV KUTEK 2IN1 8ML,BRSV KUTEK 2IN1 8ML,BRSV NAIL REMOVER 60ML,BRSV NAIL REMOVER 60ML
KC BELLA SQ NECI,KC BELLA SQ NECI,KC BELLA SQ NECI,KC BELLA SQ NECI,KC BELLA SQ NECI,BRSV KUTEK NUDES,BRSV KUTEK NUDES,BRSV KUTEK NUDES,KC BELLA SQ LASER CUT M,AC KUNCIR DNT POLOS KECIL,HS LP BOBA 02 BROWN,AC JARUM PENTUL KCL,AC JARUM PENTUL KCL,HS LP BOBA 02 BROWN,AC JARUM PENTUL KCL,KAPAS SELECTION 35GR,MSG FACIAL WASH KE,HS LP BOBA 06 HAZELNUT LATTE,KC JILBAB MOTIF OSAKA,IMPLORA EYE PENCIL GREY BROWN,IMPLORA EYE PENCIL GREY BROWN,EMINA BRIGHT STUFF MOISTURIZING CRM,KC ROK PLISKET,KC ROK PLISKET,WARDAH LIG DAY CRM ADV20ML,IMPLORA EYE PENCIL BROWN,BRSV KUTEK 2IN1 8ML
KC BELLA SQ NECI,KC BELLA SQ NECI,BRSV KUTEK NUDES,BRSV KUTEK NUDES,BRSV KUTEK NUDES,BRSV KUTEK NUDES,KC BELLA SQ LASER CUT M,KC BELLA SQ LASER CUT M,HS LP BOBA 02 BROWN,HS LP BOBA 02 BROWN,AC JEDAY SEDANG PM,AC JEDAY SEDANG PM,AC JEDAY SEDANG PM,AC JEDAY SEDANG PM,KAPAS SELECTION 35GR,MSG FACIAL WASH KE,HS LP BOBA 06 HAZELNUT LATTE,MSG FACIAL WASH KE,IMPLORA EYE PENCIL GREY BROWN,AC BANDO MATTE MOTIF SK,AC BANDO MATTE MOTIF SK,KC ROK PLISKET,IMPLORA EYE PENCIL BROWN,BRSV KUTEK 2IN1 8ML,IMPLORA EYE PENCIL BROWN,EMINA SUN BATTLE SPF 30 60ML,BRSV KUTEK 2IN1 8ML,BRSV KUTEK 2IN1 8ML,BRSV NAIL REMOVER 60ML
KC BELLA SQ NECI,KC BELLA SQ NECI,AC JEDAY SEDANG DECLIPS,AC JEDAY SEDANG DECLIPS,KC BELLA SQ LASER CUT M,KC BELLA SQ LASER CUT M,AC KUNCIR DNT POLOS KECIL,HS LP BOBA 02 BROWN,WARDAH UV SHIELD ESS SUNSCREEN SPF30,AC JEDAY SEDANG PM,WARDAH UV SHIELD ESS SUNSCREEN SPF30,KC PASHMINA CERUTY 175*75 M,KAPAS SELECTION 35GR,HS LP BOBA 06 HAZELNUT LATTE,KC JILBAB MOTIF OSAKA,KC JILBAB MOTIF OSAKA,AC JARUM PENTUL BSR SK,EMINA BRIGHT STUFF MOISTURIZING CRM,EMINA BRIGHT STUFF MOISTURIZING CRM,KC ROK PLISKET,IMPLORA EYE PENCIL BROWN,BRSV KUTEK 2IN1 8ML,VIVA AIR MAWAR,VIVA AIR MAWAR
KC BELLA SQ NECI,KC BELLA SQ NECI,KC BELLA SQ NECI,KC BELLA SQ NECI,KC BELLA SQ NECI,KC BELLA SQ NECI,KC BELLA SQ NECI,BRSV KUTEK NUDES,BRSV KUTEK NUDES,AC JEDAY SEDANG DECLIPS,AC JEDAY SEDANG DECLIPS,AC JEDAY SEDANG DECLIPS,THE ORIG MOISTURIZER HYLUCERA 50GR,THE ORIG MOISTURIZER HYLUCERA 50GR,AC KUNCIR DNT POLOS KECIL,AC KUNCIR DNT POLOS KECIL,AC KUNCIR DNT POLOS KECIL,HS LP BOBA 02 BROWN,HS LP BOBA 02 BROWN,HS LP BOBA 02 BROWN,HS LP BOBA 02 BROWN,HS LP BOBA 02 BROWN,KAPAS SELECTION 35GR,HS LP BOBA 06 HAZELNUT LATTE,KC JILBAB MOTIF OSAKA,KC JILBAB MOTIF OSAKA,AC JARUM PENTUL BSR SK,IMPLORA EYE PENCIL GREY BROWN,AC BANDO MATTE MOTIF SK,OMG MATTE KISS LIP CRM 12 SCARLET,OMG MATTE KISS LIP CRM 12 SCARLET,EMINA BRIGHT STUFF MOISTURIZING CRM,OMG MATTE KISS LIP CRM 12 SCARLET,AC BANDO MATTE MOTIF SK,IMPLORA EYE PENCIL BROWN,VIVA AIR MAWAR
KC BELLA SQ NECI,KC BELLA SQ NECI,AC JEDAY SEDANG DECLIPS,AC JEDAY SEDANG DECLIPS,AC JEDAY SEDANG DECLIPS,AC JEDAY SEDANG DECLIPS,AC JEDAY SEDANG DECLIPS,KC BELLA SQ LASER CUT M,KC BELLA SQ LASER CUT M,THE ORIG MOISTURIZER HYLUCERA 50GR,THE ORIG MOISTURIZER HYLUCERA 50GR,THE ORIG MOISTURIZER HYLUCERA 50GR,AC KUNCIR DNT POLOS KECIL,AC KARET SK,AC KARET SK,AC KARET SK,AC JEDAY SEDANG PM,KAPAS SELECTION 35GR,KAPAS SELECTION 35GR,KAPAS SELECTION 35GR,HS LP BOBA 06 HAZELNUT LATTE,AC BANDO MATTE MOTIF SK,OMG MATTE KISS LIP CRM 12 SCARLET,EMINA BRIGHT STUFF MOISTURIZING CRM,OMG MATTE KISS LIP CRM 12 SCARLET,WARDAH LIG DAY CRM ADV20ML,EMINA SUN BATTLE SPF 30 60ML,VIVA AIR MAWAR
BRSV KUTEK NUDES,BRSV KUTEK NUDES,KC BELLA SQ LASER CUT M,KC BELLA SQ LASER CUT M,THE ORIG MOISTURIZER HYLUCERA 50GR,THE ORIG MOISTURIZER HYLUCERA 50GR,AC JEDAY SEDANG PM,HS LP BOBA 06 HAZELNUT LATTE,AC BANDO MATTE MOTIF SK,OMG MATTE KISS LIP CRM 12 SCARLET,IMPLORA EYE PENCIL BROWN,IMPLORA EYE PENCIL BROWN,BRSV KUTEK 2IN1 8ML
KC BELLA SQ NECI,THE ORIG MOISTURIZER HYLUCERA 50GR,THE ORIG MOISTURIZER HYLUCERA 50GR,AC KARET SK,AC JEDAY SEDANG PM,KC PASHMINA CERUTY 175*75 M,KAPAS SELECTION 35GR,HS LP BOBA 06 HAZELNUT LATTE,MSG FACIAL WASH KE,HS LP BOBA 06 HAZELNUT LATTE,OMG MATTE KISS LIP CRM 12 SCARLET,OMG MATTE KISS LIP CRM 12 SCARLET,OMG MATTE KISS LIP CRM 12 SCARLET,WARDAH LIG DAY CRM ADV20ML,BRSV NAIL REMOVER 60ML,VIVA AIR MAWAR,VIVA AIR MAWAR
KC BELLA SQ NECI,KC BELLA SQ NECI,KC BELLA SQ NECI,KC BELLA SQ NECI,THE ORIG MOISTURIZER HYLUCERA 50GR,AC KARET SK,KC JILBAB MOTIF OSAKA,KC JILBAB MOTIF OSAKA,OMG MATTE KISS LIP CRM 12 SCARLET,KC ROK PLISKET,EMINA SUN BATTLE SPF 30 60ML,BRSV KUTEK 2IN1 8ML,EMINA SUN BATTLE SPF 30 60ML,IMPLORA EYE PENCIL BROWN
KC BELLA SQ NECI,KC BELLA SQ NECI,KC BELLA SQ NECI,KC BELLA SQ NECI,KC BELLA SQ NECI,KC BELLA SQ NECI,KC BELLA SQ NECI,BRSV KUTEK NUDES,AC JEDAY SEDANG DECLIPS,AC JEDAY SEDANG DECLIPS,KC BELLA SQ LASER CUT M,KC BELLA SQ LASER CUT M,KC BELLA SQ LASER CUT M,THE ORIG MOISTURIZER HYLUCERA 50GR,AC KUNCIR DNT POLOS KECIL,KC PASHMINA CERUTY 175*75 M,KC PASHMINA CERUTY 175*75 M,KC PASHMINA CERUTY 175*75 M,KC PASHMINA CERUTY 175*75 M,HS LP BOBA 06 HAZELNUT LATTE,IMPLORA EYE PENCIL GREY BROWN,EMINA BRIGHT STUFF MOISTURIZING CRM,AC BANDO MATTE MOTIF SK,OMG MATTE KISS LIP CRM 12 SCARLET,BRSV KUTEK 2IN1 8ML
KC BELLA SQ NECI,KC BELLA SQ NECI,BRSV KUTEK NUDES,AC JEDAY SEDANG PM,AC JEDAY SEDANG PM,MSG FACIAL WASH KE,MSG FACIAL WASH KE,MSG FACIAL WASH KE,KC JILBAB MOTIF OSAKA,KC JILBAB MOTIF OSAKA,EMINA BRIGHT STUFF MOISTURIZING CRM,OMG MATTE KISS LIP CRM 12 SCARLET,WARDAH LIG DAY CRM ADV20ML,KC ROK PLISKET
KC BELLA SQ NECI,BRSV KUTEK NUDES,AC JEDAY SEDANG DECLIPS,AC JEDAY SEDANG DECLIPS,KC BELLA SQ LASER CUT M,HS LP BOBA 02 BROWN,HS LP BOBA 02 BROWN,AC KARET SK,AC JEDAY SEDANG PM,AC KARET SK,AC KARET SK,KAPAS SELECTION 35GR,MSG FACIAL WASH KE,AC BANDO MATTE MOTIF SK,EMINA BRIGHT STUFF MOISTURIZING CRM,OMG MATTE KISS LIP CRM 12 SCARLET,AC STIKER SANRIO MJ,BRSV KUTEK 2IN1 8ML
KC BELLA SQ NECI,KC BELLA SQ NECI,KC BELLA SQ NECI,AC JEDAY SEDANG DECLIPS,AC JEDAY SEDANG DECLIPS,AC JEDAY SEDANG DECLIPS,AC JEDAY SEDANG DECLIPS,KC BELLA SQ LASER CUT M,KC BELLA SQ LASER CUT M,KC BELLA SQ LASER CUT M,KC BELLA SQ LASER CUT M,AC KUNCIR DNT POLOS KECIL,AC JEDAY SEDANG PM,AC JEDAY SEDANG PM,AC JEDAY SEDANG PM,AC JEDAY SEDANG PM,MSG FACIAL WASH KE,MSG FACIAL WASH KE,MSG FACIAL WASH KE,IMPLORA EYE PENCIL GREY BROWN,OMG MATTE KISS LIP CRM 12 SCARLET,OMG MATTE KISS LIP CRM 12 SCARLET,OMG MATTE KISS LIP CRM 12 SCARLET,OMG MATTE KISS LIP CRM 12 SCARLET,AC BANDO MATTE MOTIF SK,BRSV KUTEK 2IN1 8ML,AC STIKER SANRIO MJ,EMINA SUN BATTLE SPF 30 60ML,VIVA AIR MAWAR
