KC BELLA SQ NECI,IMPLORA EYE PENCIL BLACK 001,KAPAS SELECTION 35GR,MSG FACIAL WASH KE,KAPAS SELECTION 50GR,AC JEDAY MATTE BSR SK,HS LP BOBA 02 BROWN,AC JARUM PENTUL BSR SK,KC BELLA SQ NECI ,AC JEDAY KCL SK,MAR NAIL POL 089 NUDE ,BRSV KUTEK 64 MAROON,IMPLORA NAIL POL CLEAR,AC CAIRAN SOFLENS ICE 60ML,KAPAS SELECTION SPC TIPIS 60GR,KC HIJAB SPORT MLG,AC JEDAY SEDANG SK,
IMPLORA EYE PENCIL BLACK 001,KAPAS SELECTION 35GR,KAPAS SELECTION 35GR,KAPAS SELECTION 50GR,AC JARUM PENTUL BSR SK,KC BELLA SQ NECI ,KC BELLA SQ NECI ,AC JEDAY KCL SK,MAR NAIL POL 089 NUDE ,IMPLORA NAIL POL CLEAR,AC CAIRAN SOFLENS ICE 60ML
KC BELLA SQ NECI ,KC BELLA SQ NECI ,KC BELLA SQ NECI ,AC CAIRAN SOFLENS ICE 60ML,AC CAIRAN SOFLENS ICE 60ML,AC CAIRAN SOFLENS ICE 60ML
MSG FACIAL WASH KE,KAPAS SELECTION 35GR,KAPAS SELECTION 35GR,KC BELLA SQ NECI ,KC BELLA SQ NECI ,AC JEDAY KCL SK,BRSV KUTEK 64 MAROON,MAR NAIL POL 089 NUDE ,BRSV KUTEK 64 MAROON,AC CAIRAN SOFLENS ICE 60ML,IMPLORA NAIL POL CLEAR,IMPLORA NAIL POL CLEAR,IMPLORA NAIL POL CLEAR,IMPLORA NAIL POL CLEAR,KAPAS SELECTION SPC TIPIS 60GR
IMPLORA EYE PENCIL BLACK 001,IMPLORA EYE PENCIL BLACK 001,KAPAS SELECTION 35GR,KAPAS SELECTION 35GR,KAPAS SELECTION 50GR,KC BELLA SQ NECI ,MAR NAIL POL 089 NUDE ,AC JEDAY KCL SK,MAR NAIL POL 089 NUDE ,IMPLORA NAIL POL CLEAR,IMPLORA NAIL POL CLEAR
IMPLORA EYE PENCIL BLACK 001,KC BELLA SQ NECI ,KC BELLA SQ NECI ,MAR NAIL POL 089 NUDE ,KC HIJAB SPORT MLG,KAPAS SELECTION SPC TIPIS 60GR
IMPLORA EYE PENCIL BLACK 001,KAPAS SELECTION 35GR,MSG FACIAL WASH KE,MSG FACIAL WASH KE,MAR NAIL POL 089 NUDE ,MAR NAIL POL 089 NUDE ,MAR NAIL POL 089 NUDE ,IMPLORA NAIL POL CLEAR,KAPAS SELECTION SPC TIPIS 60GR
KAPAS SELECTION 35GR,KAPAS SELECTION 35GR,KAPAS SELECTION 35GR,MSG FACIAL WASH KE,KC BELLA SQ NECI ,MAR NAIL POL 089 NUDE ,BRSV KUTEK 64 MAROON,MAR NAIL POL 089 NUDE ,MAR NAIL POL 089 NUDE ,BRSV KUTEK 64 MAROON,IMPLORA NAIL POL CLEAR,KAPAS SELECTION SPC TIPIS 60GR
KAPAS SELECTION 35GR,MSG FACIAL WASH KE,KAPAS SELECTION 50GR,AC JARUM PENTUL BSR SK,KC BELLA SQ NECI ,KC BELLA SQ NECI ,KC BELLA SQ NECI ,AC JEDAY KCL SK,BRSV KUTEK 64 MAROON,AC JEDAY KCL SK,AC CAIRAN SOFLENS ICE 60ML,AC CAIRAN SOFLENS ICE 60ML,AC CAIRAN SOFLENS ICE 60ML,KC HIJAB SPORT MLG
IMPLORA EYE PENCIL BLACK 001,MSG FACIAL WASH KE,AC JARUM PENTUL BSR SK,AC JEDAY KCL SK,MAR NAIL POL 089 NUDE ,AC JEDAY KCL SK,IMPLORA NAIL POL CLEAR,AC CAIRAN SOFLENS ICE 60ML
IMPLORA EYE PENCIL BLACK 001,IMPLORA EYE PENCIL BLACK 001,IMPLORA EYE PENCIL BLACK 001,MSG FACIAL WASH KE,MSG FACIAL WASH KE,KAPAS SELECTION 35GR,KAPAS SELECTION 50GR,KAPAS SELECTION 50GR,KC BELLA SQ NECI ,KC BELLA SQ NECI ,KC BELLA SQ NECI ,MAR NAIL POL 089 NUDE ,MAR NAIL POL 089 NUDE ,MAR NAIL POL 089 NUDE
KAPAS SELECTION 35GR,KAPAS SELECTION 35GR,MSG FACIAL WASH KE,KAPAS SELECTION 50GR,KAPAS SELECTION 50GR,BRSV KUTEK 64 MAROON,BRSV KUTEK 64 MAROON,MAR NAIL POL 089 NUDE
KC BELLA SQ NECI,MSG FACIAL WASH KE,KAPAS SELECTION 50GR,AC JEDAY SEDANG SK,AC JEDAY SEDANG SK,AC JEDAY SEDANG SK
IMPLORA EYE PENCIL BLACK 001,IMPLORA EYE PENCIL BLACK 001,MSG FACIAL WASH KE,AC JEDAY MATTE BSR SK,AC JARUM PENTUL BSR SK,BRSV KUTEK 64 MAROON,KAPAS SELECTION SPC TIPIS 60GR,IMPLORA NAIL POL CLEAR,KAPAS SELECTION SPC TIPIS 60GR,AC JEDAY SEDANG SK,KAPAS SELECTION SPC TIPIS 60GR
KC BELLA SQ NECI,KC BELLA SQ NECI,IMPLORA EYE PENCIL BLACK 001,IMPLORA EYE PENCIL BLACK 001,KAPAS SELECTION 35GR,AC JEDAY MATTE BSR SK,AC JEDAY MATTE BSR SK,BRSV KUTEK 64 MAROON,AC JEDAY KCL SK,KAPAS SELECTION SPC TIPIS 60GR,AC JEDAY SEDANG SK,KC HIJAB SPORT MLG
KC BELLA SQ NECI,KAPAS SELECTION 35GR,KAPAS SELECTION 35GR,KAPAS SELECTION 35GR,KAPAS SELECTION 50GR,AC JEDAY MATTE BSR SK,AC JEDAY MATTE BSR SK,AC JEDAY MATTE BSR SK,HS LP BOBA 02 BROWN,AC JARUM PENTUL BSR SK,BRSV KUTEK 64 MAROON,AC JEDAY SEDANG SK,KC HIJAB SPORT MLG
KC BELLA SQ NECI,KC BELLA SQ NECI,KC BELLA SQ NECI,IMPLORA EYE PENCIL BLACK 001,KAPAS SELECTION 35GR,KAPAS SELECTION 35GR,KAPAS SELECTION 50GR,AC JEDAY MATTE BSR SK,AC JEDAY MATTE BSR SK,AC JARUM PENTUL BSR SK,BRSV KUTEK 64 MAROON,BRSV KUTEK 64 MAROON,IMPLORA NAIL POL CLEAR,AC CAIRAN SOFLENS ICE 60ML
KC BELLA SQ NECI,KC BELLA SQ NECI,KAPAS SELECTION 35GR,KAPAS SELECTION 35GR,KAPAS SELECTION 50GR,AC JEDAY MATTE BSR SK,AC JEDAY MATTE BSR SK,AC JEDAY MATTE BSR SK,AC JARUM PENTUL BSR SK,KC HIJAB SPORT MLG
AC JEDAY MATTE BSR SK,HS LP BOBA 02 BROWN,KAPAS SELECTION SPC TIPIS 60GR
KC BELLA SQ NECI,IMPLORA EYE PENCIL BLACK 001,HS LP BOBA 02 BROWN,HS LP BOBA 02 BROWN,AC JARUM PENTUL BSR SK,AC JARUM PENTUL BSR SK,AC JARUM PENTUL BSR SK,BRSV KUTEK 64 MAROON,AC JEDAY SEDANG SK,KC HIJAB SPORT MLG,KC HIJAB SPORT MLG,KC HIJAB SPORT MLG,AC CAIRAN SOFLENS ICE 60ML
KC BELLA SQ NECI,MSG FACIAL WASH KE,KAPAS SELECTION 35GR,KAPAS SELECTION 35GR,AC JEDAY KCL SK,AC JEDAY SEDANG SK,KAPAS SELECTION SPC TIPIS 60GR,KAPAS SELECTION SPC TIPIS 60GR,AC JEDAY SEDANG SK
KC BELLA SQ NECI,KC BELLA SQ NECI,KC BELLA SQ NECI,IMPLORA EYE PENCIL BLACK 001,KAPAS SELECTION 50GR,KAPAS SELECTION 50GR,BRSV KUTEK 64 MAROON,KAPAS SELECTION SPC TIPIS 60GR,KC HIJAB SPORT MLG,KC HIJAB SPORT MLG,AC CAIRAN SOFLENS ICE 60ML,KC HIJAB SPORT MLG
KC BELLA SQ NECI,IMPLORA EYE PENCIL BLACK 001,AC JARUM PENTUL BSR SK,AC JARUM PENTUL BSR SK,AC JEDAY KCL SK
KC BELLA SQ NECI,KC BELLA SQ NECI,KC BELLA SQ NECI,IMPLORA EYE PENCIL BLACK 001,MSG FACIAL WASH KE,MSG FACIAL WASH KE,MSG FACIAL WASH KE,KAPAS SELECTION 50GR,KAPAS SELECTION 50GR,AC JEDAY MATTE BSR SK,AC JEDAY MATTE BSR SK,AC JEDAY MATTE BSR SK,HS LP BOBA 02 BROWN,HS LP BOBA 02 BROWN,AC JARUM PENTUL BSR SK,BRSV KUTEK 64 MAROON,AC JEDAY SEDANG SK,AC CAIRAN SOFLENS ICE 60ML
KAPAS SELECTION 50GR,KAPAS SELECTION 50GR,AC JEDAY MATTE BSR SK,HS LP BOBA 02 BROWN,HS LP BOBA 02 BROWN,HS LP BOBA 02 BROWN,HS LP BOBA 02 BROWN,AC JEDAY KCL SK
KC BELLA SQ NECI,KC BELLA SQ NECI,KC BELLA SQ NECI,MSG FACIAL WASH KE,MSG FACIAL WASH KE,AC JEDAY MATTE BSR SK,HS LP BOBA 02 BROWN,HS LP BOBA 02 BROWN,AC JARUM PENTUL BSR SK,AC JEDAY KCL SK,AC JEDAY SEDANG SK,KC HIJAB SPORT MLG,AC JEDAY SEDANG SK
KC BELLA SQ NECI,MSG FACIAL WASH KE,KAPAS SELECTION 50GR,AC JEDAY MATTE BSR SK,AC JEDAY MATTE BSR SK,HS LP BOBA 02 BROWN,KC HIJAB SPORT MLG
KC BELLA SQ NECI,KC BELLA SQ NECI,KC BELLA SQ NECI,KC BELLA SQ NECI,IMPLORA EYE PENCIL BLACK 001,IMPLORA EYE PENCIL BLACK 001,MSG FACIAL WASH KE,MSG FACIAL WASH KE,AC JEDAY MATTE BSR SK,AC JEDAY MATTE BSR SK,HS LP BOBA 02 BROWN,AC JARUM PENTUL BSR SK,KAPAS SELECTION SPC TIPIS 60GR,IMPLORA NAIL POL CLEAR,AC CAIRAN SOFLENS ICE 60ML,AC JEDAY SEDANG SK,IMPLORA NAIL POL CLEAR
KC BELLA SQ NECI,KC BELLA SQ NECI,KC BELLA SQ NECI,KC BELLA SQ NECI,KC BELLA SQ NECI,IMPLORA EYE PENCIL BLACK 001,IMPLORA EYE PENCIL BLACK 001,IMPLORA EYE PENCIL BLACK 001,MSG FACIAL WASH KE,KAPAS SELECTION 50GR,HS LP BOBA 02 BROWN,HS LP BOBA 02 BROWN,HS LP BOBA 02 BROWN,HS LP BOBA 02 BROWN,HS LP BOBA 02 BROWN,AC JEDAY KCL SK,AC JEDAY SEDANG SK
IMPLORA EYE PENCIL BLACK 001,MSG FACIAL WASH KE,AC JARUM PENTUL BSR SK,IMPLORA NAIL POL CLEAR,KAPAS SELECTION SPC TIPIS 60GR,AC JEDAY SEDANG SK
KC BELLA SQ NECI,KC BELLA SQ NECI,KC BELLA SQ NECI,KC BELLA SQ NECI,KC BELLA SQ NECI,KC BELLA SQ NECI,IMPLORA EYE PENCIL BLACK 001,MSG FACIAL WASH KE,KAPAS SELECTION 50GR,KAPAS SELECTION 50GR,AC JARUM PENTUL BSR SK,AC JEDAY KCL SK,AC JEDAY KCL SK,KC HIJAB SPORT MLG,KC HIJAB SPORT MLG
KC BELLA SQ NECI,IMPLORA EYE PENCIL BLACK 001,IMPLORA EYE PENCIL BLACK 001,IMPLORA EYE PENCIL BLACK 001,MSG FACIAL WASH KE,KAPAS SELECTION 50GR,AC JARUM PENTUL BSR SK,AC JEDAY KCL SK,BRSV KUTEK 64 MAROON,KAPAS SELECTION SPC TIPIS 60GR,AC CAIRAN SOFLENS ICE 60ML
