KC BELLA SQ NECI,KC BELLA SQ LASER CUT M,SALSA KUTEK SET A,AC JEDAY SEDANG DECLIPS,AC JEDAY MATTE BSR 8S PM,BRSV KUTEK NUDES,MSG FACIAL WASH KE,AC JEDAY KILAU 8S MJ,AC JARUM PENTUL BSR SK,MSG WHITE DAY CREAM KE,KC IKET RAJUT BIASA M,HS LP BOBA 02 BROWN,KC ROK PLISKET,KAPAS SELECTION 75GR,IMPLORA EYE PENCIL BLACK 001,AC JARUM PENTUL KCL,SYB NATURGO GREENTEA ACNE POM 10GR,AC KARET SK,IMPLORA EYEBROW SOFT DRK BROWN,KC JILBAB MOTIF OSAKA,AC BANDO MATTE MOTIF SK,BRSV PENSIL ALIS TP A HITAM,AC KUNCIR DNT POLOS SEDANG,OMG PEACH GLOWING CREAM 25G,AC KUNCIR DNT POLOS KECIL
KC BELLA SQ NECI,KC BELLA SQ NECI,KC BELLA SQ NECI,KC BELLA SQ NECI,KC BELLA SQ NECI,KC BELLA SQ NECI,KC BELLA SQ NECI,KC BELLA SQ NECI,KC BELLA SQ LASER CUT M,SALSA KUTEK SET A,AC JEDAY SEDANG DECLIPS,AC JEDAY MATTE BSR 8S PM,AC JEDAY SEDANG DECLIPS,MSG FACIAL WASH KE,AC JEDAY KILAU 8S MJ,AC JARUM PENTUL BSR SK,AC JARUM PENTUL BSR SK,AC JARUM PENTUL BSR SK,MSG WHITE DAY CREAM KE,KC IKET RAJUT BIASA M,AC BANDO MATTE MOTIF SK,BRSV PENSIL ALIS TP A HITAM
KC BELLA SQ NECI,KC BELLA SQ NECI,KC BELLA SQ LASER CUT M,AC JEDAY MATTE BSR 8S PM,AC JEDAY MATTE BSR 8S PM,AC JEDAY MATTE BSR 8S PM,SALSA KUTEK SET A,AC JEDAY SEDANG DECLIPS,AC JEDAY KILAU 8S MJ,AC JEDAY KILAU 8S MJ,AC JARUM PENTUL BSR SK,AC JARUM PENTUL BSR SK,MSG WHITE DAY CREAM KE,MSG WHITE DAY CREAM KE,KC ROK PLISKET,KAPAS SELECTION 75GR,AC JARUM PENTUL KCL,AC JARUM PENTUL KCL,AC JARUM PENTUL KCL,AC JARUM PENTUL KCL,SYB NATURGO GREENTEA ACNE POM 10GR,AC KARET SK,AC KARET SK,AC KARET SK,AC KUNCIR DNT POLOS SEDANG,AC BANDO MATTE MOTIF SK
KC BELLA SQ NECI,KC BELLA SQ NECI,KC BELLA SQ NECI,KC BELLA SQ NECI,KC BELLA SQ NECI,KC BELLA SQ NECI,SALSA KUTEK SET A,SALSA KUTEK SET A,SALSA KUTEK SET A,AC JARUM PENTUL BSR SK,KC IKET RAJUT BIASA M,KC IKET RAJUT BIASA M,KC ROK PLISKET,KC ROK PLISKET,KAPAS SELECTION 75GR,KAPAS SELECTION 75GR,IMPLORA EYEBROW SOFT DRK BROWN,KC JILBAB MOTIF OSAKA,IMPLORA EYEBROW SOFT DRK BROWN,AC KUNCIR DNT POLOS SEDANG
KC BELLA SQ NECI,KC BELLA SQ NECI,AC JEDAY MATTE BSR 8S PM,AC JEDAY MATTE BSR 8S PM,AC JEDAY KILAU 8S MJ,AC JEDAY KILAU 8S MJ,AC JARUM PENTUL BSR SK,AC JARUM PENTUL BSR SK,SYB NATURGO GREENTEA ACNE POM 10GR,KC JILBAB MOTIF OSAKA,OMG PEACH GLOWING CREAM 25G
KC BELLA SQ NECI,KC BELLA SQ NECI,SALSA KUTEK SET A,AC JEDAY MATTE BSR 8S PM,MSG FACIAL WASH KE,MSG FACIAL WASH KE,AC JEDAY KILAU 8S MJ,AC JARUM PENTUL BSR SK,MSG WHITE DAY CREAM KE,KC IKET RAJUT BIASA M,KC ROK PLISKET,KAPAS SELECTION 75GR,AC KUNCIR DNT POLOS SEDANG,BRSV PENSIL ALIS TP A HITAM,BRSV PENSIL ALIS TP A HITAM
KC BELLA SQ NECI,KC BELLA SQ NECI,KC BELLA SQ NECI,KC BELLA SQ NECI,KC BELLA SQ LASER CUT M,KC BELLA SQ LASER CUT M,SALSA KUTEK SET A,SALSA KUTEK SET A,SALSA KUTEK SET A,AC JEDAY MATTE BSR 8S PM,MSG FACIAL WASH KE,AC JEDAY KILAU 8S MJ,AC JEDAY KILAU 8S MJ,AC JEDAY KILAU 8S MJ,AC JARUM PENTUL BSR SK,AC JARUM PENTUL BSR SK,AC JARUM PENTUL BSR SK,AC JARUM PENTUL BSR SK,KC ROK PLISKET,AC JARUM PENTUL KCL,SYB NATURGO GREENTEA ACNE POM 10GR,SYB NATURGO GREENTEA ACNE POM 10GR,IMPLORA EYEBROW SOFT DRK BROWN,AC KARET SK,IMPLORA EYEBROW SOFT DRK BROWN,IMPLORA EYEBROW SOFT DRK BROWN,AC KUNCIR DNT POLOS SEDANG
KC BELLA SQ NECI,KC BELLA SQ NECI,KC BELLA SQ NECI,KC BELLA SQ LASER CUT M,KC BELLA SQ LASER CUT M,SALSA KUTEK SET A,AC JEDAY SEDANG DECLIPS,AC JEDAY MATTE BSR 8S PM,SALSA KUTEK SET A,SALSA KUTEK SET A,SALSA KUTEK SET A,AC JEDAY MATTE BSR 8S PM,AC JEDAY SEDANG DECLIPS,AC JEDAY MATTE BSR 8S PM,MSG FACIAL WASH KE,AC JEDAY KILAU 8S MJ,KC IKET RAJUT BIASA M,KC ROK PLISKET,IMPLORA EYEBROW SOFT DRK BROWN,IMPLORA EYEBROW SOFT DRK BROWN,KC JILBAB MOTIF OSAKA,BRSV PENSIL ALIS TP A HITAM,AC BANDO MATTE MOTIF SK,BRSV PENSIL ALIS TP A HITAM,BRSV PENSIL ALIS TP A HITAM,AC BANDO MATTE MOTIF SK,BRSV PENSIL ALIS TP A HITAM,AC KUNCIR DNT POLOS SEDANG
KC BELLA SQ NECI,KC BELLA SQ NECI,KC BELLA SQ NECI,KC BELLA SQ LASER CUT M,AC JEDAY MATTE BSR 8S PM,AC JEDAY MATTE BSR 8S PM,SALSA KUTEK SET A,AC JEDAY KILAU 8S MJ,AC JARUM PENTUL BSR SK,MSG WHITE DAY CREAM KE,AC JARUM PENTUL KCL,KC JILBAB MOTIF OSAKA,IMPLORA EYEBROW SOFT DRK BROWN,BRSV PENSIL ALIS TP A HITAM,OMG PEACH GLOWING CREAM 25G,OMG PEACH GLOWING CREAM 25G,AC BANDO MATTE MOTIF SK,BRSV PENSIL ALIS TP A HITAM,OMG PEACH GLOWING CREAM 25G,OMG PEACH GLOWING CREAM 25G,AC KUNCIR DNT POLOS SEDANG
KC BELLA SQ NECI,KC BELLA SQ NECI,KC BELLA SQ NECI,KC BELLA SQ LASER CUT M,BRSV KUTEK NUDES,AC JEDAY MATTE BSR 8S PM,SALSA KUTEK SET A,AC JEDAY MATTE BSR 8S PM,AC JEDAY MATTE BSR 8S PM,BRSV KUTEK NUDES,BRSV KUTEK NUDES,AC JEDAY MATTE BSR 8S PM,AC JEDAY SEDANG DECLIPS,MSG WHITE DAY CREAM KE,BRSV PENSIL ALIS TP A HITAM
KC BELLA SQ NECI,KC BELLA SQ NECI,KC BELLA SQ NECI,KC BELLA SQ NECI,KC BELLA SQ LASER CUT M,BRSV KUTEK NUDES,AC JEDAY SEDANG DECLIPS,AC JEDAY MATTE BSR 8S PM,BRSV KUTEK NUDES,AC JEDAY KILAU 8S MJ,MSG FACIAL WASH KE,AC JARUM PENTUL BSR SK,MSG WHITE DAY CREAM KE,KC ROK PLISKET,KC ROK PLISKET,KAPAS SELECTION 75GR,KAPAS SELECTION 75GR,SYB NATURGO GREENTEA ACNE POM 10GR,SYB NATURGO GREENTEA ACNE POM 10GR,KC JILBAB MOTIF OSAKA,AC KUNCIR DNT POLOS SEDANG,OMG PEACH GLOWING CREAM 25G
KC BELLA SQ NECI,KC BELLA SQ NECI,KC BELLA SQ LASER CUT M,KC BELLA SQ LASER CUT M,AC JEDAY MATTE BSR 8S PM,BRSV KUTEK NUDES,BRSV KUTEK NUDES,BRSV KUTEK NUDES,AC JARUM PENTUL BSR SK,AC JARUM PENTUL BSR SK,KC ROK PLISKET,KAPAS SELECTION 75GR,AC KUNCIR DNT POLOS KECIL
KC BELLA SQ NECI,KC BELLA SQ NECI,KC BELLA SQ NECI,AC JEDAY SEDANG DECLIPS,AC JEDAY KILAU 8S MJ,MSG FACIAL WASH KE,AC JEDAY KILAU 8S MJ,AC JEDAY KILAU 8S MJ,KAPAS SELECTION 75GR,AC KARET SK,AC BANDO MATTE MOTIF SK,AC KUNCIR DNT POLOS KECIL,AC KUNCIR DNT POLOS KECIL
KC BELLA SQ NECI,KC BELLA SQ NECI,KC BELLA SQ NECI,KC BELLA SQ NECI,KC BELLA SQ LASER CUT M,KC BELLA SQ LASER CUT M,BRSV KUTEK NUDES,AC JEDAY SEDANG DECLIPS,MSG FACIAL WASH KE,MSG FACIAL WASH KE,AC JARUM PENTUL BSR SK,IMPLORA EYE PENCIL BLACK 001,AC KARET SK,OMG PEACH GLOWING CREAM 25G,AC KUNCIR DNT POLOS KECIL,AC KUNCIR DNT POLOS KECIL,OMG PEACH GLOWING CREAM 25G
KC BELLA SQ NECI,KC BELLA SQ NECI,BRSV KUTEK NUDES,AC JEDAY MATTE BSR 8S PM,SALSA KUTEK SET A,BRSV KUTEK NUDES,MSG FACIAL WASH KE,KC IKET RAJUT BIASA M,HS LP BOBA 02 BROWN,MSG WHITE DAY CREAM KE,AC JARUM PENTUL KCL,SYB NATURGO GREENTEA ACNE POM 10GR,KC JILBAB MOTIF OSAKA,KC JILBAB MOTIF OSAKA,AC BANDO MATTE MOTIF SK
KC BELLA SQ LASER CUT M,AC JEDAY SEDANG DECLIPS,AC JEDAY MATTE BSR 8S PM,MSG FACIAL WASH KE,AC JEDAY KILAU 8S MJ,KC IKET RAJUT BIASA M,KC IKET RAJUT BIASA M,MSG WHITE DAY CREAM KE,KC IKET RAJUT BIASA M,KC IKET RAJUT BIASA M,HS LP BOBA 02 BROWN,HS LP BOBA 02 BROWN,KC ROK PLISKET,KC ROK PLISKET,KC ROK PLISKET,AC KUNCIR DNT POLOS SEDANG,BRSV PENSIL ALIS TP A HITAM
KC BELLA SQ NECI,BRSV KUTEK NUDES,MSG FACIAL WASH KE,MSG FACIAL WASH KE,AC JARUM PENTUL BSR SK,KC IKET RAJUT BIASA M,KC ROK PLISKET,IMPLORA EYE PENCIL BLACK 001,IMPLORA EYE PENCIL BLACK 001,AC JARUM PENTUL KCL,AC JARUM PENTUL KCL,KC JILBAB MOTIF OSAKA,AC BANDO MATTE MOTIF SK,OMG PEACH GLOWING CREAM 25G
KC BELLA SQ NECI,KC BELLA SQ NECI,AC JEDAY SEDANG DECLIPS,AC JEDAY SEDANG DECLIPS,BRSV KUTEK NUDES,AC JARUM PENTUL BSR SK,HS LP BOBA 02 BROWN,IMPLORA EYE PENCIL BLACK 001,IMPLORA EYE PENCIL BLACK 001,AC JARUM PENTUL KCL,AC JARUM PENTUL KCL,SYB NATURGO GREENTEA ACNE POM 10GR,AC JARUM PENTUL KCL,AC KARET SK,KC JILBAB MOTIF OSAKA,AC KUNCIR DNT POLOS KECIL
KC BELLA SQ NECI,KC BELLA SQ NECI,KC BELLA SQ NECI,KC BELLA SQ NECI,KC BELLA SQ LASER CUT M,KC BELLA SQ LASER CUT M,KC BELLA SQ LASER CUT M,KC BELLA SQ LASER CUT M,KC BELLA SQ LASER CUT M,BRSV KUTEK NUDES,AC JEDAY SEDANG DECLIPS,BRSV KUTEK NUDES,AC JEDAY KILAU 8S MJ,AC JEDAY KILAU 8S MJ,KC IKET RAJUT BIASA M,HS LP BOBA 02 BROWN,IMPLORA EYE PENCIL BLACK 001,KC ROK PLISKET,KAPAS SELECTION 75GR,SYB NATURGO GREENTEA ACNE POM 10GR,SYB NATURGO GREENTEA ACNE POM 10GR,AC JARUM PENTUL KCL,AC JARUM PENTUL KCL,KC JILBAB MOTIF OSAKA,IMPLORA EYEBROW SOFT DRK BROWN,AC KARET SK,OMG PEACH GLOWING CREAM 25G,OMG PEACH GLOWING CREAM 25G,AC KUNCIR DNT POLOS KECIL
KC BELLA SQ NECI,KC BELLA SQ NECI,KC BELLA SQ NECI,KC BELLA SQ NECI,KC BELLA SQ NECI,KC BELLA SQ NECI,KC BELLA SQ LASER CUT M,KC BELLA SQ LASER CUT M,SALSA KUTEK SET A,BRSV KUTEK NUDES,AC JEDAY SEDANG DECLIPS,AC JEDAY SEDANG DECLIPS,BRSV KUTEK NUDES,AC JEDAY KILAU 8S MJ,HS LP BOBA 02 BROWN,IMPLORA EYE PENCIL BLACK 001,AC JARUM PENTUL KCL,AC KARET SK,AC KARET SK,AC KUNCIR DNT POLOS SEDANG,AC KUNCIR DNT POLOS SEDANG,BRSV PENSIL ALIS TP A HITAM
KC BELLA SQ NECI,BRSV KUTEK NUDES,AC JEDAY MATTE BSR 8S PM,HS LP BOBA 02 BROWN,MSG WHITE DAY CREAM KE,MSG WHITE DAY CREAM KE,MSG WHITE DAY CREAM KE,KAPAS SELECTION 75GR,IMPLORA EYE PENCIL BLACK 001,IMPLORA EYEBROW SOFT DRK BROWN,AC KUNCIR DNT POLOS SEDANG
KC BELLA SQ NECI,KC BELLA SQ LASER CUT M,BRSV KUTEK NUDES,SALSA KUTEK SET A,BRSV KUTEK NUDES,AC JEDAY SEDANG DECLIPS,BRSV KUTEK NUDES,MSG FACIAL WASH KE,HS LP BOBA 02 BROWN,MSG WHITE DAY CREAM KE,HS LP BOBA 02 BROWN,KC IKET RAJUT BIASA M,MSG WHITE DAY CREAM KE,HS LP BOBA 02 BROWN,HS LP BOBA 02 BROWN,IMPLORA EYE PENCIL BLACK 001,IMPLORA EYE PENCIL BLACK 001,SYB NATURGO GREENTEA ACNE POM 10GR,KC JILBAB MOTIF OSAKA
KC BELLA SQ NECI,KC BELLA SQ NECI,KC BELLA SQ NECI,KC BELLA SQ NECI,KC BELLA SQ LASER CUT M,KC BELLA SQ LASER CUT M,SALSA KUTEK SET A,AC JEDAY SEDANG DECLIPS,HS LP BOBA 02 BROWN,HS LP BOBA 02 BROWN,IMPLORA EYE PENCIL BLACK 001,SYB NATURGO GREENTEA ACNE POM 10GR,SYB NATURGO GREENTEA ACNE POM 10GR,AC KUNCIR DNT POLOS KECIL,OMG PEACH GLOWING CREAM 25G
KC BELLA SQ NECI,KC BELLA SQ LASER CUT M,BRSV KUTEK NUDES,AC JEDAY SEDANG DECLIPS,MSG FACIAL WASH KE,MSG WHITE DAY CREAM KE,IMPLORA EYE PENCIL BLACK 001
KC BELLA SQ NECI,KC BELLA SQ NECI,KC BELLA SQ NECI,KC BELLA SQ NECI,KC BELLA SQ NECI,KC BELLA SQ LASER CUT M,KC BELLA SQ LASER CUT M,KC BELLA SQ LASER CUT M,SALSA KUTEK SET A,MSG FACIAL WASH KE,MSG FACIAL WASH KE,MSG WHITE DAY CREAM KE,KC IKET RAJUT BIASA M,MSG WHITE DAY CREAM KE,IMPLORA EYE PENCIL BLACK 001,KC JILBAB MOTIF OSAKA,AC KARET SK,AC KARET SK,KC JILBAB MOTIF OSAKA,KC JILBAB MOTIF OSAKA,AC KARET SK,AC KUNCIR DNT POLOS KECIL,AC KUNCIR DNT POLOS KECIL
KC BELLA SQ NECI,KC BELLA SQ NECI,KC BELLA SQ LASER CUT M,KC BELLA SQ LASER CUT M,AC JEDAY KILAU 8S MJ,MSG WHITE DAY CREAM KE,KC IKET RAJUT BIASA M,HS LP BOBA 02 BROWN,KC IKET RAJUT BIASA M,IMPLORA EYE PENCIL BLACK 001,KAPAS SELECTION 75GR,IMPLORA EYE PENCIL BLACK 001,IMPLORA EYEBROW SOFT DRK BROWN,AC BANDO MATTE MOTIF SK,AC BANDO MATTE MOTIF SK,AC KUNCIR DNT POLOS KECIL,OMG PEACH GLOWING CREAM 25G,AC BANDO MATTE MOTIF SK,AC BANDO MATTE MOTIF SK
KC BELLA SQ NECI,KC BELLA SQ NECI,KC BELLA SQ LASER CUT M,AC JEDAY SEDANG DECLIPS,AC JEDAY SEDANG DECLIPS,SALSA KUTEK SET A,MSG FACIAL WASH KE,MSG FACIAL WASH KE,HS LP BOBA 02 BROWN,HS LP BOBA 02 BROWN,KAPAS SELECTION 75GR,KC ROK PLISKET,KAPAS SELECTION 75GR,SYB NATURGO GREENTEA ACNE POM 10GR,AC KUNCIR DNT POLOS KECIL
KC BELLA SQ NECI,SALSA KUTEK SET A,KC IKET RAJUT BIASA M,HS LP BOBA 02 BROWN
KC BELLA SQ NECI,KC BELLA SQ NECI,KC BELLA SQ NECI,KC BELLA SQ LASER CUT M,AC JEDAY SEDANG DECLIPS,MSG FACIAL WASH KE,MSG FACIAL WASH KE,AC JEDAY KILAU 8S MJ,KC IKET RAJUT BIASA M,HS LP BOBA 02 BROWN,KAPAS SELECTION 75GR,KC ROK PLISKET,KAPAS SELECTION 75GR,IMPLORA EYE PENCIL BLACK 001,SYB NATURGO GREENTEA ACNE POM 10GR,IMPLORA EYEBROW SOFT DRK BROWN,BRSV PENSIL ALIS TP A HITAM,AC BANDO MATTE MOTIF SK
KC BELLA SQ NECI,KC BELLA SQ NECI,KC BELLA SQ NECI,KC BELLA SQ NECI,AC KARET SK,AC KUNCIR DNT POLOS SEDANG,AC KUNCIR DNT POLOS SEDANG,AC KUNCIR DNT POLOS KECIL
KC BELLA SQ NECI,KC BELLA SQ LASER CUT M,KC BELLA SQ LASER CUT M,AC JEDAY SEDANG DECLIPS,KAPAS SELECTION 75GR,IMPLORA EYEBROW SOFT DRK BROWN,IMPLORA EYEBROW SOFT DRK BROWN
