KC BELLA SQ NECI,MSG WHITE DAY CREAM KE,BRSV KUTEK 101 MAROON,IMPLORA EYE PENCIL BLACK 001,BRSV KUTEK NUDES,AC KARET SPIRAL WARNA SK,IMPLORA NAIL POL NUDES,KC BELLA SQ LASER CUT M,IMPLORA LIP CRM 12 BRWN SUGAR,IMPLORA EYE PENCIL DRK BROWN 007,MSG FACIAL WASH KP,EMINA SUN BATTLE SPF 30 23ML,KB GEAMOORE BASIC CLUB SAGE 50ML,AZZ HYDRASOOTHE SUNSGEL 50ML,KB GEAMOORE BASIC CLUB BLACK FAME 50ML,IMPLORA NAIL POL RED2,KAPAS SELECTION 35GR,IMPLORA EYE PENCIL BROWN,AC CAIRAN SOFLENS ICE 60ML,EMINA BRIGHT STUFF MOISTURIZING CRM,KB GEAMOORE BASIC CLUB WARM WOODY 50ML,VIVA AIR MAWAR,MSG TONER GLOWING KP,MSG FACIAL WASH KE,OMG MATTE KISS LIP CRM 14 CAPPUCINO,EMINA SUN BATTLE SPF 30 60ML,OMG MATTE KISS LIP CRM 12 SCARLET,AC KUNCIR DNT HANDUK SDG SK,WARDAH LIG DAY CRM ADV20ML,AC PINSET SOFLENS,KB GEAMORE ADT VANILLA LT 15ML,IMPLORA CHEEK&LIP TINT 01 VAMPIRE BLD,KAPAS SELECTION SPC TIPIS 175S,AC JEDAY KECIL BIASA SK,BRSV KUTEK BLACK,AC BANDO MATTE MOTIF SK,AC CAIRAN  SOFLENS X2 60ML,MSG WHITE DAY CREAM KP,AC JEDAY MATTE KCL SK,OMG PEACH GLOWING CREAM 25G,OMG MATTE KISS LIP CRM 13 LATTE
MSG WHITE DAY CREAM KE,MSG WHITE DAY CREAM KE,MSG WHITE DAY CREAM KE,MSG WHITE DAY CREAM KE,BRSV KUTEK 101 MAROON,BRSV KUTEK 101 MAROON,BRSV KUTEK 101 MAROON,BRSV KUTEK 101 MAROON,IMPLORA EYE PENCIL BLACK 001,BRSV KUTEK NUDES,BRSV KUTEK NUDES,BRSV KUTEK NUDES,IMPLORA NAIL POL NUDES,MSG FACIAL WASH KP,KB GEAMOORE BASIC CLUB SAGE 50ML,KB GEAMOORE BASIC CLUB BLACK FAME 50ML,IMPLORA NAIL POL RED2,IMPLORA EYE PENCIL BROWN,KB GEAMOORE BASIC CLUB WARM WOODY 50ML,VIVA AIR MAWAR,MSG TONER GLOWING KP,KB GEAMOORE BASIC CLUB WARM WOODY 50ML,AC KUNCIR DNT HANDUK SDG SK,WARDAH LIG DAY CRM ADV20ML,AC PINSET SOFLENS
MSG WHITE DAY CREAM KE,IMPLORA EYE PENCIL BLACK 001,IMPLORA EYE PENCIL BLACK 001,BRSV KUTEK 101 MAROON,AC KARET SPIRAL WARNA SK,IMPLORA NAIL POL NUDES,KC BELLA SQ LASER CUT M,AZZ HYDRASOOTHE SUNSGEL 50ML,KAPAS SELECTION 35GR,IMPLORA EYE PENCIL BROWN,IMPLORA EYE PENCIL BROWN,KB GEAMOORE BASIC CLUB WARM WOODY 50ML,KB GEAMOORE BASIC CLUB WARM WOODY 50ML,WARDAH LIG DAY CRM ADV20ML,KB GEAMORE ADT VANILLA LT 15ML,IMPLORA CHEEK&LIP TINT 01 VAMPIRE BLD
KC BELLA SQ NECI,BRSV KUTEK 101 MAROON,IMPLORA EYE PENCIL BLACK 001,BRSV KUTEK NUDES,AC KARET SPIRAL WARNA SK,KC BELLA SQ LASER CUT M,EMINA SUN BATTLE SPF 30 23ML,AZZ HYDRASOOTHE SUNSGEL 50ML,AC CAIRAN SOFLENS ICE 60ML,MSG FACIAL WASH KE,KAPAS SELECTION SPC TIPIS 175S,IMPLORA CHEEK&LIP TINT 01 VAMPIRE BLD
BRSV KUTEK 101 MAROON,BRSV KUTEK NUDES,AC KARET SPIRAL WARNA SK,IMPLORA NAIL POL NUDES,IMPLORA NAIL POL NUDES,IMPLORA NAIL POL NUDES,AZZ HYDRASOOTHE SUNSGEL 50ML,KAPAS SELECTION 35GR,IMPLORA NAIL POL RED2,MSG FACIAL WASH KE,AC KUNCIR DNT HANDUK SDG SK,AC JEDAY KECIL BIASA SK,AC JEDAY KECIL BIASA SK,BRSV KUTEK BLACK,AC BANDO MATTE MOTIF SK
KC BELLA SQ NECI,KC BELLA SQ NECI,MSG WHITE DAY CREAM KE,IMPLORA EYE PENCIL BLACK 001,BRSV KUTEK 101 MAROON,BRSV KUTEK 101 MAROON,AC KARET SPIRAL WARNA SK,KC BELLA SQ LASER CUT M,IMPLORA LIP CRM 12 BRWN SUGAR,MSG FACIAL WASH KP,KB GEAMOORE BASIC CLUB BLACK FAME 50ML,AC JEDAY KECIL BIASA SK,AC JEDAY KECIL BIASA SK,AC BANDO MATTE MOTIF SK
KC BELLA SQ NECI,KC BELLA SQ NECI,MSG WHITE DAY CREAM KE,MSG WHITE DAY CREAM KE,MSG WHITE DAY CREAM KE,IMPLORA EYE PENCIL BLACK 001,IMPLORA EYE PENCIL BLACK 001,IMPLORA EYE PENCIL BLACK 001,BRSV KUTEK 101 MAROON,BRSV KUTEK NUDES,AC KARET SPIRAL WARNA SK,IMPLORA NAIL POL NUDES,IMPLORA NAIL POL NUDES,IMPLORA LIP CRM 12 BRWN SUGAR,IMPLORA EYE PENCIL DRK BROWN 007,EMINA SUN BATTLE SPF 30 23ML,MSG FACIAL WASH KP,EMINA SUN BATTLE SPF 30 23ML,EMINA SUN BATTLE SPF 30 23ML,MSG FACIAL WASH KP,KB GEAMOORE BASIC CLUB SAGE 50ML,AZZ HYDRASOOTHE SUNSGEL 50ML,IMPLORA NAIL POL RED2,IMPLORA NAIL POL RED2,IMPLORA EYE PENCIL BROWN,MSG TONER GLOWING KP,MSG TONER GLOWING KP,AC BANDO MATTE MOTIF SK
KC BELLA SQ NECI,KC BELLA SQ NECI,IMPLORA EYE PENCIL BLACK 001,BRSV KUTEK 101 MAROON,IMPLORA EYE PENCIL BLACK 001,BRSV KUTEK 101 MAROON,IMPLORA EYE PENCIL BLACK 001,IMPLORA NAIL POL NUDES,IMPLORA NAIL POL NUDES,IMPLORA NAIL POL NUDES,IMPLORA NAIL POL NUDES,IMPLORA NAIL POL NUDES,IMPLORA LIP CRM 12 BRWN SUGAR,KC BELLA SQ LASER CUT M,KC BELLA SQ LASER CUT M,KB GEAMOORE BASIC CLUB SAGE 50ML,KB GEAMOORE BASIC CLUB SAGE 50ML,IMPLORA NAIL POL RED2,IMPLORA NAIL POL RED2,IMPLORA NAIL POL RED2,IMPLORA NAIL POL RED2,IMPLORA EYE PENCIL BROWN,AC CAIRAN SOFLENS ICE 60ML,KB GEAMOORE BASIC CLUB WARM WOODY 50ML,WARDAH LIG DAY CRM ADV20ML,WARDAH LIG DAY CRM ADV20ML,KB GEAMORE ADT VANILLA LT 15ML,KB GEAMORE ADT VANILLA LT 15ML,IMPLORA CHEEK&LIP TINT 01 VAMPIRE BLD,KB GEAMORE ADT VANILLA LT 15ML
KC BELLA SQ NECI,KC BELLA SQ NECI,IMPLORA EYE PENCIL BLACK 001,BRSV KUTEK 101 MAROON,BRSV KUTEK NUDES,BRSV KUTEK NUDES,AC KARET SPIRAL WARNA SK,IMPLORA LIP CRM 12 BRWN SUGAR,IMPLORA LIP CRM 12 BRWN SUGAR,MSG FACIAL WASH KP,AZZ HYDRASOOTHE SUNSGEL 50ML,IMPLORA NAIL POL RED2,IMPLORA EYE PENCIL BROWN,AC CAIRAN SOFLENS ICE 60ML,VIVA AIR MAWAR,AC CAIRAN  SOFLENS X2 60ML,KAPAS SELECTION SPC TIPIS 175S,MSG WHITE DAY CREAM KP,IMPLORA CHEEK&LIP TINT 01 VAMPIRE BLD,AC BANDO MATTE MOTIF SK,IMPLORA CHEEK&LIP TINT 01 VAMPIRE BLD
KC BELLA SQ NECI,KC BELLA SQ NECI,KC BELLA SQ NECI,MSG WHITE DAY CREAM KE,BRSV KUTEK 101 MAROON,BRSV KUTEK 101 MAROON,IMPLORA EYE PENCIL BLACK 001,BRSV KUTEK NUDES,AC KARET SPIRAL WARNA SK,IMPLORA LIP CRM 12 BRWN SUGAR,IMPLORA LIP CRM 12 BRWN SUGAR,MSG FACIAL WASH KP,KB GEAMOORE BASIC CLUB SAGE 50ML,IMPLORA EYE PENCIL BROWN,IMPLORA EYE PENCIL BROWN,IMPLORA EYE PENCIL BROWN,KB GEAMOORE BASIC CLUB WARM WOODY 50ML,VIVA AIR MAWAR,AC PINSET SOFLENS,AC KUNCIR DNT HANDUK SDG SK,BRSV KUTEK BLACK,KAPAS SELECTION SPC TIPIS 175S,AC KUNCIR DNT HANDUK SDG SK,AC JEDAY MATTE KCL SK,IMPLORA CHEEK&LIP TINT 01 VAMPIRE BLD
KC BELLA SQ NECI,MSG WHITE DAY CREAM KE,BRSV KUTEK 101 MAROON,BRSV KUTEK 101 MAROON,IMPLORA EYE PENCIL BLACK 001,BRSV KUTEK 101 MAROON,BRSV KUTEK NUDES,BRSV KUTEK NUDES,AC KARET SPIRAL WARNA SK,AC KARET SPIRAL WARNA SK,IMPLORA LIP CRM 12 BRWN SUGAR,KC BELLA SQ LASER CUT M,KB GEAMOORE BASIC CLUB SAGE 50ML,IMPLORA EYE PENCIL BROWN,BRSV KUTEK BLACK,WARDAH LIG DAY CRM ADV20ML,KAPAS SELECTION SPC TIPIS 175S,KB GEAMORE ADT VANILLA LT 15ML,BRSV KUTEK BLACK,AC JEDAY MATTE KCL SK,BRSV KUTEK BLACK,BRSV KUTEK BLACK
EMINA BRIGHT STUFF MOISTURIZING CRM
KC BELLA SQ NECI,KC BELLA SQ NECI,BRSV KUTEK NUDES,AC KARET SPIRAL WARNA SK,KC BELLA SQ LASER CUT M,MSG FACIAL WASH KP,EMINA SUN BATTLE SPF 30 23ML,EMINA BRIGHT STUFF MOISTURIZING CRM,EMINA BRIGHT STUFF MOISTURIZING CRM,OMG MATTE KISS LIP CRM 14 CAPPUCINO,OMG MATTE KISS LIP CRM 14 CAPPUCINO,MSG TONER GLOWING KP,EMINA SUN BATTLE SPF 30 60ML,OMG PEACH GLOWING CREAM 25G,AC KUNCIR DNT HANDUK SDG SK,KAPAS SELECTION SPC TIPIS 175S,OMG MATTE KISS LIP CRM 13 LATTE,AC JEDAY MATTE KCL SK,AC KUNCIR DNT HANDUK SDG SK,MSG WHITE DAY CREAM KP,AC PINSET SOFLENS
KC BELLA SQ NECI,KC BELLA SQ NECI,KC BELLA SQ NECI,KC BELLA SQ NECI,BRSV KUTEK NUDES,BRSV KUTEK NUDES,BRSV KUTEK NUDES,AC KARET SPIRAL WARNA SK,KC BELLA SQ LASER CUT M,IMPLORA EYE PENCIL DRK BROWN 007,IMPLORA LIP CRM 12 BRWN SUGAR,KC BELLA SQ LASER CUT M,KC BELLA SQ LASER CUT M,IMPLORA EYE PENCIL DRK BROWN 007,EMINA SUN BATTLE SPF 30 23ML,MSG FACIAL WASH KP,EMINA SUN BATTLE SPF 30 23ML,KB GEAMOORE BASIC CLUB SAGE 50ML,AZZ HYDRASOOTHE SUNSGEL 50ML,KB GEAMOORE BASIC CLUB SAGE 50ML,IMPLORA NAIL POL RED2,IMPLORA NAIL POL RED2,MSG TONER GLOWING KP,KB GEAMOORE BASIC CLUB WARM WOODY 50ML,OMG MATTE KISS LIP CRM 14 CAPPUCINO,MSG TONER GLOWING KP,MSG WHITE DAY CREAM KP,AC JEDAY KECIL BIASA SK,KB GEAMORE ADT VANILLA LT 15ML,AC JEDAY KECIL BIASA SK,AC BANDO MATTE MOTIF SK,AC CAIRAN  SOFLENS X2 60ML,AC PINSET SOFLENS,OMG MATTE KISS LIP CRM 13 LATTE,KAPAS SELECTION SPC TIPIS 175S
KC BELLA SQ NECI,KC BELLA SQ NECI,KC BELLA SQ NECI,MSG WHITE DAY CREAM KE,BRSV KUTEK 101 MAROON,IMPLORA EYE PENCIL BLACK 001,BRSV KUTEK 101 MAROON,BRSV KUTEK NUDES,AC KARET SPIRAL WARNA SK,AC KARET SPIRAL WARNA SK,IMPLORA NAIL POL NUDES,IMPLORA NAIL POL NUDES,IMPLORA NAIL POL NUDES,IMPLORA LIP CRM 12 BRWN SUGAR,IMPLORA LIP CRM 12 BRWN SUGAR,IMPLORA LIP CRM 12 BRWN SUGAR,MSG FACIAL WASH KP,EMINA SUN BATTLE SPF 30 23ML,EMINA SUN BATTLE SPF 30 23ML,EMINA SUN BATTLE SPF 30 23ML,EMINA SUN BATTLE SPF 30 23ML,EMINA SUN BATTLE SPF 30 23ML,AZZ HYDRASOOTHE SUNSGEL 50ML,AC CAIRAN SOFLENS ICE 60ML,EMINA BRIGHT STUFF MOISTURIZING CRM,AC CAIRAN SOFLENS ICE 60ML,MSG TONER GLOWING KP,OMG MATTE KISS LIP CRM 12 SCARLET,EMINA SUN BATTLE SPF 30 60ML,EMINA SUN BATTLE SPF 30 60ML,OMG MATTE KISS LIP CRM 12 SCARLET,MSG TONER GLOWING KP,OMG MATTE KISS LIP CRM 12 SCARLET,KB GEAMOORE BASIC CLUB WARM WOODY 50ML,OMG MATTE KISS LIP CRM 13 LATTE,BRSV KUTEK BLACK,AC BANDO MATTE MOTIF SK,AC PINSET SOFLENS,OMG PEACH GLOWING CREAM 25G,OMG MATTE KISS LIP CRM 13 LATTE,AC JEDAY MATTE KCL SK
KC BELLA SQ NECI,KC BELLA SQ NECI,KC BELLA SQ NECI,KC BELLA SQ NECI,MSG WHITE DAY CREAM KE,MSG WHITE DAY CREAM KE,BRSV KUTEK 101 MAROON,IMPLORA EYE PENCIL BLACK 001,IMPLORA EYE PENCIL BLACK 001,IMPLORA EYE PENCIL BLACK 001,BRSV KUTEK NUDES,AC KARET SPIRAL WARNA SK,AC KARET SPIRAL WARNA SK,IMPLORA NAIL POL NUDES,IMPLORA EYE PENCIL DRK BROWN 007,MSG FACIAL WASH KP,KB GEAMOORE BASIC CLUB SAGE 50ML,IMPLORA EYE PENCIL BROWN,EMINA SUN BATTLE SPF 30 60ML,MSG FACIAL WASH KE,OMG MATTE KISS LIP CRM 12 SCARLET,OMG MATTE KISS LIP CRM 14 CAPPUCINO,AC PINSET SOFLENS,AC CAIRAN  SOFLENS X2 60ML,AC KUNCIR DNT HANDUK SDG SK,WARDAH LIG DAY CRM ADV20ML,OMG MATTE KISS LIP CRM 13 LATTE
KC BELLA SQ NECI,KC BELLA SQ NECI,MSG WHITE DAY CREAM KE,BRSV KUTEK 101 MAROON,BRSV KUTEK 101 MAROON,IMPLORA EYE PENCIL BLACK 001,BRSV KUTEK NUDES,IMPLORA NAIL POL NUDES,IMPLORA EYE PENCIL DRK BROWN 007,IMPLORA EYE PENCIL DRK BROWN 007,IMPLORA EYE PENCIL DRK BROWN 007,MSG FACIAL WASH KP,MSG FACIAL WASH KP,KAPAS SELECTION 35GR,KB GEAMOORE BASIC CLUB BLACK FAME 50ML,KAPAS SELECTION 35GR,IMPLORA NAIL POL RED2,AC CAIRAN SOFLENS ICE 60ML,OMG MATTE KISS LIP CRM 12 SCARLET,KB GEAMOORE BASIC CLUB WARM WOODY 50ML,KB GEAMOORE BASIC CLUB WARM WOODY 50ML,VIVA AIR MAWAR,MSG FACIAL WASH KE,KB GEAMOORE BASIC CLUB WARM WOODY 50ML,AC BANDO MATTE MOTIF SK,AC PINSET SOFLENS,KAPAS SELECTION SPC TIPIS 175S,MSG WHITE DAY CREAM KP,OMG PEACH GLOWING CREAM 25G,AC PINSET SOFLENS,KAPAS SELECTION SPC TIPIS 175S,AC BANDO MATTE MOTIF SK,AC KUNCIR DNT HANDUK SDG SK,BRSV KUTEK BLACK
KC BELLA SQ NECI,KC BELLA SQ NECI,IMPLORA EYE PENCIL BLACK 001,BRSV KUTEK NUDES,BRSV KUTEK NUDES,IMPLORA NAIL POL NUDES,KB GEAMOORE BASIC CLUB BLACK FAME 50ML,KAPAS SELECTION 35GR,IMPLORA NAIL POL RED2,KB GEAMOORE BASIC CLUB BLACK FAME 50ML,IMPLORA EYE PENCIL BROWN,KB GEAMOORE BASIC CLUB WARM WOODY 50ML,OMG MATTE KISS LIP CRM 12 SCARLET,OMG MATTE KISS LIP CRM 14 CAPPUCINO,KB GEAMORE ADT VANILLA LT 15ML,OMG PEACH GLOWING CREAM 25G,IMPLORA CHEEK&LIP TINT 01 VAMPIRE BLD,KAPAS SELECTION SPC TIPIS 175S,OMG MATTE KISS LIP CRM 13 LATTE,AC JEDAY MATTE KCL SK
KC BELLA SQ NECI,IMPLORA EYE PENCIL BLACK 001,KC BELLA SQ LASER CUT M,KC BELLA SQ LASER CUT M,MSG FACIAL WASH KP,MSG FACIAL WASH KP,AZZ HYDRASOOTHE SUNSGEL 50ML,KAPAS SELECTION 35GR,IMPLORA EYE PENCIL BROWN,AC CAIRAN SOFLENS ICE 60ML,EMINA BRIGHT STUFF MOISTURIZING CRM,AC CAIRAN SOFLENS ICE 60ML,EMINA SUN BATTLE SPF 30 60ML,VIVA AIR MAWAR,EMINA SUN BATTLE SPF 30 60ML,EMINA SUN BATTLE SPF 30 60ML,AC JEDAY KECIL BIASA SK,OMG MATTE KISS LIP CRM 13 LATTE,MSG WHITE DAY CREAM KP,OMG MATTE KISS LIP CRM 13 LATTE,KB GEAMORE ADT VANILLA LT 15ML
KC BELLA SQ NECI,KC BELLA SQ NECI,AC KARET SPIRAL WARNA SK,IMPLORA EYE PENCIL DRK BROWN 007,KC BELLA SQ LASER CUT M,KC BELLA SQ LASER CUT M,EMINA SUN BATTLE SPF 30 23ML,KAPAS SELECTION 35GR,KB GEAMOORE BASIC CLUB BLACK FAME 50ML,IMPLORA NAIL POL RED2,AC CAIRAN SOFLENS ICE 60ML,AC CAIRAN SOFLENS ICE 60ML,EMINA BRIGHT STUFF MOISTURIZING CRM,OMG MATTE KISS LIP CRM 12 SCARLET,OMG MATTE KISS LIP CRM 14 CAPPUCINO,VIVA AIR MAWAR,EMINA SUN BATTLE SPF 30 60ML,AC JEDAY KECIL BIASA SK
KC BELLA SQ NECI,KC BELLA SQ NECI,IMPLORA EYE PENCIL BLACK 001,BRSV KUTEK 101 MAROON,BRSV KUTEK NUDES,IMPLORA EYE PENCIL DRK BROWN 007,AZZ HYDRASOOTHE SUNSGEL 50ML,KB GEAMOORE BASIC CLUB SAGE 50ML,KB GEAMOORE BASIC CLUB BLACK FAME 50ML,KAPAS SELECTION 35GR,EMINA BRIGHT STUFF MOISTURIZING CRM,AC CAIRAN SOFLENS ICE 60ML,EMINA BRIGHT STUFF MOISTURIZING CRM,OMG MATTE KISS LIP CRM 12 SCARLET,OMG MATTE KISS LIP CRM 12 SCARLET,MSG FACIAL WASH KE,VIVA AIR MAWAR,AC PINSET SOFLENS,KB GEAMORE ADT VANILLA LT 15ML,AC CAIRAN  SOFLENS X2 60ML,OMG PEACH GLOWING CREAM 25G
MSG WHITE DAY CREAM KE,MSG WHITE DAY CREAM KE,IMPLORA EYE PENCIL BLACK 001,IMPLORA EYE PENCIL BLACK 001,IMPLORA EYE PENCIL DRK BROWN 007,IMPLORA EYE PENCIL DRK BROWN 007,AZZ HYDRASOOTHE SUNSGEL 50ML,KAPAS SELECTION 35GR,KAPAS SELECTION 35GR,EMINA BRIGHT STUFF MOISTURIZING CRM,AC CAIRAN SOFLENS ICE 60ML,EMINA BRIGHT STUFF MOISTURIZING CRM,VIVA AIR MAWAR,MSG FACIAL WASH KE,OMG MATTE KISS LIP CRM 14 CAPPUCINO,OMG MATTE KISS LIP CRM 12 SCARLET,OMG MATTE KISS LIP CRM 14 CAPPUCINO,VIVA AIR MAWAR,OMG MATTE KISS LIP CRM 12 SCARLET,EMINA SUN BATTLE SPF 30 60ML,EMINA SUN BATTLE SPF 30 60ML,KB GEAMORE ADT VANILLA LT 15ML,IMPLORA CHEEK&LIP TINT 01 VAMPIRE BLD,MSG WHITE DAY CREAM KP,AC KUNCIR DNT HANDUK SDG SK,AC JEDAY KECIL BIASA SK,KB GEAMORE ADT VANILLA LT 15ML,AC JEDAY MATTE KCL SK,AC KUNCIR DNT HANDUK SDG SK,WARDAH LIG DAY CRM ADV20ML,OMG MATTE KISS LIP CRM 13 LATTE
KC BELLA SQ NECI,MSG WHITE DAY CREAM KE,MSG WHITE DAY CREAM KE,MSG WHITE DAY CREAM KE,AC KARET SPIRAL WARNA SK,IMPLORA EYE PENCIL DRK BROWN 007,IMPLORA EYE PENCIL DRK BROWN 007,EMINA SUN BATTLE SPF 30 23ML,AZZ HYDRASOOTHE SUNSGEL 50ML,KB GEAMOORE BASIC CLUB SAGE 50ML,KB GEAMOORE BASIC CLUB BLACK FAME 50ML,AC CAIRAN SOFLENS ICE 60ML,OMG MATTE KISS LIP CRM 12 SCARLET,MSG TONER GLOWING KP,EMINA SUN BATTLE SPF 30 60ML,VIVA AIR MAWAR,VIVA AIR MAWAR,AC CAIRAN  SOFLENS X2 60ML,OMG MATTE KISS LIP CRM 13 LATTE,IMPLORA CHEEK&LIP TINT 01 VAMPIRE BLD,IMPLORA CHEEK&LIP TINT 01 VAMPIRE BLD,MSG WHITE DAY CREAM KP
MSG WHITE DAY CREAM KE,KB GEAMOORE BASIC CLUB SAGE 50ML,KB GEAMOORE BASIC CLUB SAGE 50ML,AZZ HYDRASOOTHE SUNSGEL 50ML,KB GEAMOORE BASIC CLUB BLACK FAME 50ML,MSG FACIAL WASH KE,MSG FACIAL WASH KE,MSG WHITE DAY CREAM KP,BRSV KUTEK BLACK,AC PINSET SOFLENS,AC CAIRAN  SOFLENS X2 60ML,OMG PEACH GLOWING CREAM 25G,AC JEDAY MATTE KCL SK
BRSV KUTEK NUDES,IMPLORA LIP CRM 12 BRWN SUGAR,EMINA SUN BATTLE SPF 30 23ML,KB GEAMOORE BASIC CLUB SAGE 50ML,KAPAS SELECTION 35GR,EMINA BRIGHT STUFF MOISTURIZING CRM,MSG FACIAL WASH KE,MSG TONER GLOWING KP,MSG FACIAL WASH KE,AC CAIRAN  SOFLENS X2 60ML,WARDAH LIG DAY CRM ADV20ML,AC CAIRAN  SOFLENS X2 60ML,AC JEDAY KECIL BIASA SK,AC PINSET SOFLENS
KC BELLA SQ NECI,KC BELLA SQ LASER CUT M,KB GEAMOORE BASIC CLUB SAGE 50ML,OMG MATTE KISS LIP CRM 14 CAPPUCINO,OMG MATTE KISS LIP CRM 14 CAPPUCINO,WARDAH LIG DAY CRM ADV20ML
KC BELLA SQ NECI,KC BELLA SQ NECI,KC BELLA SQ NECI,KC BELLA SQ NECI,IMPLORA LIP CRM 12 BRWN SUGAR,IMPLORA EYE PENCIL DRK BROWN 007,EMINA SUN BATTLE SPF 30 23ML,AZZ HYDRASOOTHE SUNSGEL 50ML,KB GEAMOORE BASIC CLUB BLACK FAME 50ML,KB GEAMOORE BASIC CLUB BLACK FAME 50ML,KAPAS SELECTION 35GR,KB GEAMOORE BASIC CLUB BLACK FAME 50ML,EMINA BRIGHT STUFF MOISTURIZING CRM,OMG MATTE KISS LIP CRM 14 CAPPUCINO,EMINA SUN BATTLE SPF 30 60ML,KAPAS SELECTION SPC TIPIS 175S,AC CAIRAN  SOFLENS X2 60ML,OMG PEACH GLOWING CREAM 25G,AC JEDAY KECIL BIASA SK,OMG PEACH GLOWING CREAM 25G,OMG PEACH GLOWING CREAM 25G,AC CAIRAN  SOFLENS X2 60ML,KAPAS SELECTION SPC TIPIS 175S,AC JEDAY MATTE KCL SK,AC JEDAY MATTE KCL SK,AC KUNCIR DNT HANDUK SDG SK
KC BELLA SQ NECI,KC BELLA SQ LASER CUT M,AZZ HYDRASOOTHE SUNSGEL 50ML,MSG WHITE DAY CREAM KP,MSG WHITE DAY CREAM KP,WARDAH LIG DAY CRM ADV20ML,MSG WHITE DAY CREAM KP
MSG WHITE DAY CREAM KE,MSG WHITE DAY CREAM KE,AC KARET SPIRAL WARNA SK,AC KARET SPIRAL WARNA SK,IMPLORA LIP CRM 12 BRWN SUGAR,IMPLORA EYE PENCIL DRK BROWN 007,MSG FACIAL WASH KP,MSG FACIAL WASH KP,KB GEAMOORE BASIC CLUB BLACK FAME 50ML,KB GEAMOORE BASIC CLUB BLACK FAME 50ML,MSG TONER GLOWING KP,OMG MATTE KISS LIP CRM 14 CAPPUCINO,MSG TONER GLOWING KP,AC BANDO MATTE MOTIF SK,OMG PEACH GLOWING CREAM 25G,OMG PEACH GLOWING CREAM 25G,IMPLORA CHEEK&LIP TINT 01 VAMPIRE BLD,AC JEDAY MATTE KCL SK,AC JEDAY MATTE KCL SK,BRSV KUTEK BLACK,AC CAIRAN  SOFLENS X2 60ML,BRSV KUTEK BLACK
KC BELLA SQ NECI,KC BELLA SQ NECI,KC BELLA SQ NECI,MSG WHITE DAY CREAM KE,MSG WHITE DAY CREAM KE,IMPLORA LIP CRM 12 BRWN SUGAR,IMPLORA EYE PENCIL DRK BROWN 007,IMPLORA EYE PENCIL DRK BROWN 007,IMPLORA LIP CRM 12 BRWN SUGAR,KC BELLA SQ LASER CUT M,AZZ HYDRASOOTHE SUNSGEL 50ML,KAPAS SELECTION 35GR,MSG FACIAL WASH KE,MSG FACIAL WASH KE,VIVA AIR MAWAR,AC BANDO MATTE MOTIF SK,AC BANDO MATTE MOTIF SK
KC BELLA SQ NECI,KC BELLA SQ NECI,MSG WHITE DAY CREAM KE,KAPAS SELECTION 35GR,EMINA BRIGHT STUFF MOISTURIZING CRM,WARDAH LIG DAY CRM ADV20ML,OMG MATTE KISS LIP CRM 13 LATTE
