KC BELLA SQ NECI,AC JEDAY MATTE BSR SK,HS LP BOBA 02 BROWN,IMPLORA EYE PENCIL BROWN,IMPLORA EYE PENCIL DRK BROWN 007,VIVA AIR MAWAR,KC ROK PLISKET,KB GEAMOORE BASIC CLUB AUTHENTIC 50ML,MKZ SHAMPO ROYAL JL 10ML,XIU EYEBROW PENCIL BLACK,MSG FACIAL WASH KE,WARDAH UV SHIELD ESS SUNSCREEN SPF30,BRSV KUTEK NUDES,BRSV NAIL REMOVER 60ML,KC BELLA SQ LASER CUT M,AC BANDO MATTE MOTIF SK,AC JARUM PENTUL WARNA BUNDAR,KB GEAMOORE BASIC CLUB SAGE 50ML,HS LP BOBA 06 HAZELNUT LATTE,AC KUNCIR DNT HANDUK SDG SK,IMPLORA NAIL POL NUDES,KB GEAMORE EDC VANILA 6 ML,AC KUNCIR ANAK KARTUN,EMINA BRIGHT STUFF MOISTURIZING CRM,YOU HYI AMINO ACTTACK ANTIACNE FW100ML,KAPAS SELECTION SPC TEBAL 120S,AC KARET SPIRAL WARNA SK,KB GEAMOORE BASIC CLUB WARM WOODY 50ML,MSG WHITE DAY CREAM KE,GAR MCLR WTR PINK SENSKIN 125ML
AC JEDAY MATTE BSR SK,AC JEDAY MATTE BSR SK,HS LP BOBA 02 BROWN,IMPLORA EYE PENCIL BROWN,IMPLORA EYE PENCIL DRK BROWN 007,VIVA AIR MAWAR,KB GEAMOORE BASIC CLUB AUTHENTIC 50ML,MKZ SHAMPO ROYAL JL 10ML,MSG FACIAL WASH KE,MSG FACIAL WASH KE,BRSV KUTEK NUDES,BRSV KUTEK NUDES,BRSV NAIL REMOVER 60ML,AC BANDO MATTE MOTIF SK,AC JARUM PENTUL WARNA BUNDAR,KB GEAMOORE BASIC CLUB SAGE 50ML,IMPLORA NAIL POL NUDES,IMPLORA NAIL POL NUDES,AC KUNCIR ANAK KARTUN,EMINA BRIGHT STUFF MOISTURIZING CRM,KAPAS SELECTION SPC TEBAL 120S,AC KARET SPIRAL WARNA SK,KB GEAMOORE BASIC CLUB WARM WOODY 50ML
KC BELLA SQ NECI,AC JEDAY MATTE BSR SK,AC JEDAY MATTE BSR SK,HS LP BOBA 02 BROWN,HS LP BOBA 02 BROWN,HS LP BOBA 02 BROWN,HS LP BOBA 02 BROWN,HS LP BOBA 02 BROWN,IMPLORA EYE PENCIL DRK BROWN 007,VIVA AIR MAWAR,KB GEAMOORE BASIC CLUB AUTHENTIC 50ML,MKZ SHAMPO ROYAL JL 10ML,MKZ SHAMPO ROYAL JL 10ML,BRSV KUTEK NUDES,KB GEAMOORE BASIC CLUB SAGE 50ML,AC BANDO MATTE MOTIF SK,KB GEAMOORE BASIC CLUB SAGE 50ML,AC BANDO MATTE MOTIF SK,IMPLORA NAIL POL NUDES,IMPLORA NAIL POL NUDES,IMPLORA NAIL POL NUDES,KB GEAMORE EDC VANILA 6 ML,IMPLORA NAIL POL NUDES,EMINA BRIGHT STUFF MOISTURIZING CRM,EMINA BRIGHT STUFF MOISTURIZING CRM,YOU HYI AMINO ACTTACK ANTIACNE FW100ML,AC KUNCIR ANAK KARTUN
KC BELLA SQ NECI,KC BELLA SQ NECI,AC JEDAY MATTE BSR SK,AC JEDAY MATTE BSR SK,HS LP BOBA 02 BROWN,HS LP BOBA 02 BROWN,HS LP BOBA 02 BROWN,HS LP BOBA 02 BROWN,IMPLORA EYE PENCIL BROWN,VIVA AIR MAWAR,VIVA AIR MAWAR,VIVA AIR MAWAR,KB GEAMOORE BASIC CLUB AUTHENTIC 50ML,MSG FACIAL WASH KE,MSG FACIAL WASH KE,BRSV NAIL REMOVER 60ML,HS LP BOBA 06 HAZELNUT LATTE,AC KUNCIR DNT HANDUK SDG SK,KB GEAMOORE BASIC CLUB SAGE 50ML,AC JARUM PENTUL WARNA BUNDAR,IMPLORA NAIL POL NUDES,IMPLORA NAIL POL NUDES,AC KUNCIR ANAK KARTUN,KAPAS SELECTION SPC TEBAL 120S,MSG WHITE DAY CREAM KE,AC KARET SPIRAL WARNA SK
KC BELLA SQ NECI,KC BELLA SQ NECI,KC BELLA SQ NECI,AC JEDAY MATTE BSR SK,AC JEDAY MATTE BSR SK,HS LP BOBA 02 BROWN,IMPLORA EYE PENCIL BROWN,VIVA AIR MAWAR,MKZ SHAMPO ROYAL JL 10ML,XIU EYEBROW PENCIL BLACK,BRSV KUTEK NUDES,AC BANDO MATTE MOTIF SK,KB GEAMOORE BASIC CLUB SAGE 50ML,YOU HYI AMINO ACTTACK ANTIACNE FW100ML,EMINA BRIGHT STUFF MOISTURIZING CRM,EMINA BRIGHT STUFF MOISTURIZING CRM,AC KARET SPIRAL WARNA SK
AC JEDAY MATTE BSR SK,AC JEDAY MATTE BSR SK,HS LP BOBA 02 BROWN,HS LP BOBA 02 BROWN,HS LP BOBA 02 BROWN,IMPLORA EYE PENCIL BROWN,IMPLORA EYE PENCIL DRK BROWN 007,IMPLORA EYE PENCIL DRK BROWN 007,VIVA AIR MAWAR,KB GEAMOORE BASIC CLUB AUTHENTIC 50ML,XIU EYEBROW PENCIL BLACK,MKZ SHAMPO ROYAL JL 10ML,BRSV KUTEK NUDES,BRSV NAIL REMOVER 60ML,HS LP BOBA 06 HAZELNUT LATTE,AC JARUM PENTUL WARNA BUNDAR,KB GEAMORE EDC VANILA 6 ML,IMPLORA NAIL POL NUDES,KB GEAMORE EDC VANILA 6 ML,YOU HYI AMINO ACTTACK ANTIACNE FW100ML
AC JEDAY MATTE BSR SK,AC JEDAY MATTE BSR SK,KB GEAMOORE BASIC CLUB AUTHENTIC 50ML,MSG FACIAL WASH KE,AC KUNCIR DNT HANDUK SDG SK,AC JARUM PENTUL WARNA BUNDAR,AC KUNCIR DNT HANDUK SDG SK,IMPLORA NAIL POL NUDES,YOU HYI AMINO ACTTACK ANTIACNE FW100ML,YOU HYI AMINO ACTTACK ANTIACNE FW100ML,KAPAS SELECTION SPC TEBAL 120S,MSG WHITE DAY CREAM KE
KC BELLA SQ NECI,KC BELLA SQ NECI,AC JEDAY MATTE BSR SK,AC JEDAY MATTE BSR SK,AC JEDAY MATTE BSR SK,AC JEDAY MATTE BSR SK,IMPLORA EYE PENCIL DRK BROWN 007,MKZ SHAMPO ROYAL JL 10ML,BRSV KUTEK NUDES,KC BELLA SQ LASER CUT M,AC JARUM PENTUL WARNA BUNDAR,AC KUNCIR DNT HANDUK SDG SK,KB GEAMORE EDC VANILA 6 ML,KB GEAMOORE BASIC CLUB WARM WOODY 50ML,MSG WHITE DAY CREAM KE
KC BELLA SQ NECI,KC BELLA SQ NECI,KC BELLA SQ NECI,KC BELLA SQ NECI,AC JEDAY MATTE BSR SK,IMPLORA EYE PENCIL BROWN,IMPLORA EYE PENCIL BROWN,IMPLORA EYE PENCIL DRK BROWN 007,KB GEAMOORE BASIC CLUB AUTHENTIC 50ML,XIU EYEBROW PENCIL BLACK,MSG FACIAL WASH KE,BRSV KUTEK NUDES,BRSV KUTEK NUDES,KC BELLA SQ LASER CUT M,BRSV NAIL REMOVER 60ML,AC BANDO MATTE MOTIF SK,HS LP BOBA 06 HAZELNUT LATTE,IMPLORA NAIL POL NUDES,KAPAS SELECTION SPC TEBAL 120S
AC JEDAY MATTE BSR SK,AC JEDAY MATTE BSR SK,HS LP BOBA 02 BROWN,IMPLORA EYE PENCIL BROWN,KC ROK PLISKET,MKZ SHAMPO ROYAL JL 10ML,AC JARUM PENTUL WARNA BUNDAR,AC BANDO MATTE MOTIF SK,AC KUNCIR ANAK KARTUN,AC KUNCIR ANAK KARTUN,AC KUNCIR ANAK KARTUN,AC KUNCIR ANAK KARTUN
KC BELLA SQ NECI,KC BELLA SQ NECI,KC BELLA SQ NECI,AC JEDAY MATTE BSR SK,AC JEDAY MATTE BSR SK,HS LP BOBA 02 BROWN,HS LP BOBA 02 BROWN,HS LP BOBA 02 BROWN,IMPLORA EYE PENCIL BROWN,VIVA AIR MAWAR,KC ROK PLISKET,KB GEAMOORE BASIC CLUB AUTHENTIC 50ML,XIU EYEBROW PENCIL BLACK,XIU EYEBROW PENCIL BLACK,MSG FACIAL WASH KE,BRSV KUTEK NUDES,BRSV KUTEK NUDES,KC BELLA SQ LASER CUT M,AC JARUM PENTUL WARNA BUNDAR,KB GEAMOORE BASIC CLUB SAGE 50ML,MSG WHITE DAY CREAM KE,KAPAS SELECTION SPC TEBAL 120S,AC KARET SPIRAL WARNA SK
KC BELLA SQ NECI,AC JEDAY MATTE BSR SK,IMPLORA EYE PENCIL BROWN,VIVA AIR MAWAR,KB GEAMOORE BASIC CLUB AUTHENTIC 50ML,MSG FACIAL WASH KE,MSG FACIAL WASH KE,BRSV KUTEK NUDES,BRSV NAIL REMOVER 60ML,KC BELLA SQ LASER CUT M,AC BANDO MATTE MOTIF SK,AC KUNCIR DNT HANDUK SDG SK,KB GEAMORE EDC VANILA 6 ML,MSG WHITE DAY CREAM KE,MSG WHITE DAY CREAM KE,KB GEAMOORE BASIC CLUB WARM WOODY 50ML
KC BELLA SQ NECI,KC BELLA SQ NECI,KC BELLA SQ NECI,AC JEDAY MATTE BSR SK,HS LP BOBA 02 BROWN,IMPLORA EYE PENCIL BROWN,IMPLORA EYE PENCIL BROWN,IMPLORA EYE PENCIL DRK BROWN 007,KB GEAMOORE BASIC CLUB AUTHENTIC 50ML,XIU EYEBROW PENCIL BLACK,XIU EYEBROW PENCIL BLACK,MKZ SHAMPO ROYAL JL 10ML,MKZ SHAMPO ROYAL JL 10ML,MSG FACIAL WASH KE,BRSV KUTEK NUDES,BRSV NAIL REMOVER 60ML,BRSV NAIL REMOVER 60ML,AC KUNCIR DNT HANDUK SDG SK,KB GEAMOORE BASIC CLUB SAGE 50ML,EMINA BRIGHT STUFF MOISTURIZING CRM,AC KUNCIR ANAK KARTUN,KB GEAMOORE BASIC CLUB WARM WOODY 50ML
KC BELLA SQ NECI,KC BELLA SQ NECI,KC BELLA SQ NECI,HS LP BOBA 02 BROWN,HS LP BOBA 02 BROWN,HS LP BOBA 02 BROWN,HS LP BOBA 02 BROWN,HS LP BOBA 02 BROWN,IMPLORA EYE PENCIL DRK BROWN 007,VIVA AIR MAWAR,VIVA AIR MAWAR,KB GEAMOORE BASIC CLUB AUTHENTIC 50ML,XIU EYEBROW PENCIL BLACK,MKZ SHAMPO ROYAL JL 10ML,WARDAH UV SHIELD ESS SUNSCREEN SPF30,MSG FACIAL WASH KE,BRSV KUTEK NUDES,BRSV NAIL REMOVER 60ML,BRSV NAIL REMOVER 60ML,KC BELLA SQ LASER CUT M,AC BANDO MATTE MOTIF SK,HS LP BOBA 06 HAZELNUT LATTE,KB GEAMORE EDC VANILA 6 ML,KB GEAMORE EDC VANILA 6 ML,AC KUNCIR ANAK KARTUN,EMINA BRIGHT STUFF MOISTURIZING CRM
KC BELLA SQ NECI,KC BELLA SQ NECI,HS LP BOBA 02 BROWN,HS LP BOBA 02 BROWN,HS LP BOBA 02 BROWN,VIVA AIR MAWAR,MKZ SHAMPO ROYAL JL 10ML,MSG FACIAL WASH KE,KC BELLA SQ LASER CUT M,AC BANDO MATTE MOTIF SK,HS LP BOBA 06 HAZELNUT LATTE,KB GEAMORE EDC VANILA 6 ML,AC KUNCIR ANAK KARTUN,EMINA BRIGHT STUFF MOISTURIZING CRM
KC BELLA SQ NECI,KC BELLA SQ NECI,KC BELLA SQ NECI,IMPLORA EYE PENCIL BROWN,IMPLORA EYE PENCIL BROWN,KC ROK PLISKET,VIVA AIR MAWAR,KC ROK PLISKET,KC ROK PLISKET,VIVA AIR MAWAR,XIU EYEBROW PENCIL BLACK,WARDAH UV SHIELD ESS SUNSCREEN SPF30,KC BELLA SQ LASER CUT M,BRSV NAIL REMOVER 60ML,HS LP BOBA 06 HAZELNUT LATTE,AC KUNCIR DNT HANDUK SDG SK,KB GEAMOORE BASIC CLUB SAGE 50ML,IMPLORA NAIL POL NUDES,KAPAS SELECTION SPC TEBAL 120S,KB GEAMOORE BASIC CLUB WARM WOODY 50ML,KAPAS SELECTION SPC TEBAL 120S
IMPLORA EYE PENCIL BROWN,VIVA AIR MAWAR,WARDAH UV SHIELD ESS SUNSCREEN SPF30,YOU HYI AMINO ACTTACK ANTIACNE FW100ML,KAPAS SELECTION SPC TEBAL 120S
KC BELLA SQ NECI,KC BELLA SQ NECI,HS LP BOBA 02 BROWN,IMPLORA EYE PENCIL BROWN,IMPLORA EYE PENCIL DRK BROWN 007,IMPLORA EYE PENCIL DRK BROWN 007,VIVA AIR MAWAR,KC ROK PLISKET,VIVA AIR MAWAR,MKZ SHAMPO ROYAL JL 10ML,WARDAH UV SHIELD ESS SUNSCREEN SPF30,BRSV KUTEK NUDES,AC BANDO MATTE MOTIF SK,YOU HYI AMINO ACTTACK ANTIACNE FW100ML,KAPAS SELECTION SPC TEBAL 120S,KB GEAMOORE BASIC CLUB WARM WOODY 50ML,GAR MCLR WTR PINK SENSKIN 125ML,GAR MCLR WTR PINK SENSKIN 125ML
KC BELLA SQ NECI,HS LP BOBA 02 BROWN,IMPLORA EYE PENCIL BROWN,IMPLORA EYE PENCIL BROWN,KC ROK PLISKET,KB GEAMOORE BASIC CLUB AUTHENTIC 50ML,XIU EYEBROW PENCIL BLACK,WARDAH UV SHIELD ESS SUNSCREEN SPF30,BRSV NAIL REMOVER 60ML,KC BELLA SQ LASER CUT M,KB GEAMORE EDC VANILA 6 ML,IMPLORA NAIL POL NUDES,KAPAS SELECTION SPC TEBAL 120S
KC BELLA SQ NECI,KC BELLA SQ NECI,KC ROK PLISKET,MSG FACIAL WASH KE,BRSV NAIL REMOVER 60ML,KC BELLA SQ LASER CUT M,AC JARUM PENTUL WARNA BUNDAR,AC JARUM PENTUL WARNA BUNDAR,YOU HYI AMINO ACTTACK ANTIACNE FW100ML,AC KUNCIR ANAK KARTUN
KC BELLA SQ NECI,IMPLORA EYE PENCIL BROWN,IMPLORA EYE PENCIL BROWN,XIU EYEBROW PENCIL BLACK,WARDAH UV SHIELD ESS SUNSCREEN SPF30,BRSV KUTEK NUDES,BRSV NAIL REMOVER 60ML,EMINA BRIGHT STUFF MOISTURIZING CRM,KB GEAMOORE BASIC CLUB WARM WOODY 50ML,GAR MCLR WTR PINK SENSKIN 125ML,KB GEAMOORE BASIC CLUB WARM WOODY 50ML
KC BELLA SQ NECI,AC JEDAY MATTE BSR SK,AC JEDAY MATTE BSR SK,AC JEDAY MATTE BSR SK,VIVA AIR MAWAR,KC ROK PLISKET,KC ROK PLISKET,KB GEAMOORE BASIC CLUB AUTHENTIC 50ML,MKZ SHAMPO ROYAL JL 10ML,XIU EYEBROW PENCIL BLACK,KB GEAMOORE BASIC CLUB SAGE 50ML,HS LP BOBA 06 HAZELNUT LATTE,HS LP BOBA 06 HAZELNUT LATTE,AC BANDO MATTE MOTIF SK,KB GEAMOORE BASIC CLUB WARM WOODY 50ML,AC KARET SPIRAL WARNA SK
KC BELLA SQ NECI,KC BELLA SQ NECI,KC BELLA SQ NECI,IMPLORA EYE PENCIL DRK BROWN 007,MKZ SHAMPO ROYAL JL 10ML,XIU EYEBROW PENCIL BLACK,WARDAH UV SHIELD ESS SUNSCREEN SPF30,WARDAH UV SHIELD ESS SUNSCREEN SPF30,WARDAH UV SHIELD ESS SUNSCREEN SPF30,MSG FACIAL WASH KE,KC BELLA SQ LASER CUT M,BRSV NAIL REMOVER 60ML,HS LP BOBA 06 HAZELNUT LATTE,HS LP BOBA 06 HAZELNUT LATTE,KB GEAMORE EDC VANILA 6 ML,KB GEAMORE EDC VANILA 6 ML
KC BELLA SQ NECI,IMPLORA EYE PENCIL DRK BROWN 007,IMPLORA EYE PENCIL DRK BROWN 007,KB GEAMOORE BASIC CLUB AUTHENTIC 50ML,MSG FACIAL WASH KE,WARDAH UV SHIELD ESS SUNSCREEN SPF30,HS LP BOBA 06 HAZELNUT LATTE,HS LP BOBA 06 HAZELNUT LATTE,HS LP BOBA 06 HAZELNUT LATTE,AC KUNCIR ANAK KARTUN,KAPAS SELECTION SPC TEBAL 120S
KC BELLA SQ NECI,KC BELLA SQ NECI,KC BELLA SQ NECI,KC BELLA SQ NECI,KC BELLA SQ NECI,AC JEDAY MATTE BSR SK,AC JEDAY MATTE BSR SK,IMPLORA EYE PENCIL BROWN,KC ROK PLISKET,KC ROK PLISKET,KB GEAMOORE BASIC CLUB AUTHENTIC 50ML,XIU EYEBROW PENCIL BLACK,WARDAH UV SHIELD ESS SUNSCREEN SPF30,KC BELLA SQ LASER CUT M,KC BELLA SQ LASER CUT M,HS LP BOBA 06 HAZELNUT LATTE,AC BANDO MATTE MOTIF SK
KC BELLA SQ NECI,AC JEDAY MATTE BSR SK,IMPLORA EYE PENCIL BROWN,IMPLORA EYE PENCIL DRK BROWN 007,VIVA AIR MAWAR,KC ROK PLISKET,MKZ SHAMPO ROYAL JL 10ML,WARDAH UV SHIELD ESS SUNSCREEN SPF30,BRSV KUTEK NUDES,BRSV NAIL REMOVER 60ML,KB GEAMOORE BASIC CLUB SAGE 50ML,EMINA BRIGHT STUFF MOISTURIZING CRM,YOU HYI AMINO ACTTACK ANTIACNE FW100ML,EMINA BRIGHT STUFF MOISTURIZING CRM,AC KARET SPIRAL WARNA SK,AC KARET SPIRAL WARNA SK,GAR MCLR WTR PINK SENSKIN 125ML,GAR MCLR WTR PINK SENSKIN 125ML,AC KARET SPIRAL WARNA SK
KC BELLA SQ NECI,KC BELLA SQ NECI,KC BELLA SQ NECI,KC BELLA SQ NECI,KC BELLA SQ NECI,KC BELLA SQ NECI,AC JEDAY MATTE BSR SK,AC JEDAY MATTE BSR SK,AC JEDAY MATTE BSR SK,AC JEDAY MATTE BSR SK,IMPLORA EYE PENCIL DRK BROWN 007,IMPLORA EYE PENCIL DRK BROWN 007,KC ROK PLISKET,KC ROK PLISKET,KB GEAMOORE BASIC CLUB AUTHENTIC 50ML,WARDAH UV SHIELD ESS SUNSCREEN SPF30,WARDAH UV SHIELD ESS SUNSCREEN SPF30,KC BELLA SQ LASER CUT M,AC JARUM PENTUL WARNA BUNDAR,AC KUNCIR DNT HANDUK SDG SK,AC JARUM PENTUL WARNA BUNDAR,EMINA BRIGHT STUFF MOISTURIZING CRM,GAR MCLR WTR PINK SENSKIN 125ML,KB GEAMOORE BASIC CLUB WARM WOODY 50ML
KC BELLA SQ NECI,KC BELLA SQ NECI,AC JEDAY MATTE BSR SK,AC JEDAY MATTE BSR SK,IMPLORA EYE PENCIL BROWN,KC ROK PLISKET,KC ROK PLISKET,KC ROK PLISKET,KB GEAMOORE BASIC CLUB AUTHENTIC 50ML,XIU EYEBROW PENCIL BLACK,MKZ SHAMPO ROYAL JL 10ML,KB GEAMORE EDC VANILA 6 ML,MSG WHITE DAY CREAM KE,MSG WHITE DAY CREAM KE,GAR MCLR WTR PINK SENSKIN 125ML
KC BELLA SQ NECI,KC BELLA SQ NECI,KC BELLA SQ NECI,AC JEDAY MATTE BSR SK,AC JEDAY MATTE BSR SK,IMPLORA EYE PENCIL DRK BROWN 007,KB GEAMOORE BASIC CLUB AUTHENTIC 50ML,XIU EYEBROW PENCIL BLACK,WARDAH UV SHIELD ESS SUNSCREEN SPF30,MSG FACIAL WASH KE,KC BELLA SQ LASER CUT M,KB GEAMOORE BASIC CLUB SAGE 50ML,AC KUNCIR DNT HANDUK SDG SK,KB GEAMOORE BASIC CLUB SAGE 50ML,AC KUNCIR DNT HANDUK SDG SK,AC BANDO MATTE MOTIF SK,YOU HYI AMINO ACTTACK ANTIACNE FW100ML,MSG WHITE DAY CREAM KE
KC BELLA SQ NECI,KC BELLA SQ NECI,KC BELLA SQ NECI,KC BELLA SQ NECI,KC BELLA SQ NECI,AC JEDAY MATTE BSR SK,IMPLORA EYE PENCIL BROWN,IMPLORA EYE PENCIL DRK BROWN 007,IMPLORA EYE PENCIL DRK BROWN 007,IMPLORA EYE PENCIL DRK BROWN 007,KC ROK PLISKET,MKZ SHAMPO ROYAL JL 10ML,XIU EYEBROW PENCIL BLACK,WARDAH UV SHIELD ESS SUNSCREEN SPF30,KC BELLA SQ LASER CUT M,AC JARUM PENTUL WARNA BUNDAR,AC JARUM PENTUL WARNA BUNDAR,AC KUNCIR DNT HANDUK SDG SK,AC KUNCIR DNT HANDUK SDG SK,KB GEAMOORE BASIC CLUB SAGE 50ML,AC JARUM PENTUL WARNA BUNDAR,KB GEAMOORE BASIC CLUB SAGE 50ML,AC KUNCIR DNT HANDUK SDG SK,YOU HYI AMINO ACTTACK ANTIACNE FW100ML,YOU HYI AMINO ACTTACK ANTIACNE FW100ML,AC KARET SPIRAL WARNA SK,GAR MCLR WTR PINK SENSKIN 125ML,KB GEAMOORE BASIC CLUB WARM WOODY 50ML,GAR MCLR WTR PINK SENSKIN 125ML,GAR MCLR WTR PINK SENSKIN 125ML
KC BELLA SQ NECI,KC BELLA SQ NECI,KC BELLA SQ NECI,AC JEDAY MATTE BSR SK,IMPLORA EYE PENCIL BROWN,IMPLORA EYE PENCIL BROWN,IMPLORA EYE PENCIL DRK BROWN 007,IMPLORA EYE PENCIL DRK BROWN 007,KC ROK PLISKET,VIVA AIR MAWAR,KB GEAMOORE BASIC CLUB AUTHENTIC 50ML,KB GEAMOORE BASIC CLUB AUTHENTIC 50ML,XIU EYEBROW PENCIL BLACK,MKZ SHAMPO ROYAL JL 10ML,MSG FACIAL WASH KE,WARDAH UV SHIELD ESS SUNSCREEN SPF30,AC KUNCIR DNT HANDUK SDG SK,AC BANDO MATTE MOTIF SK,KB GEAMORE EDC VANILA 6 ML,AC KARET SPIRAL WARNA SK,MSG WHITE DAY CREAM KE,GAR MCLR WTR PINK SENSKIN 125ML,MSG WHITE DAY CREAM KE,AC KARET SPIRAL WARNA SK
